#{"t_start": 1748835574.5836341, "env_id": "None"}
r,l,t
-186.0,12,1.176893
-60.0,12,1.178889
-64.0,12,1.181069
-156.0,12,1.184066
-102.0,12,1.186085
-172.0,12,1.186085
-210.0,12,1.186085
-88.0,12,1.186085
-104.0,12,1.296891
-202.0,12,1.312517
-240.0,12,1.323903
-104.0,12,1.324765
-118.0,12,1.34039
-124.0,12,1.34039
56.0,12,1.356015
-240.0,12,1.371639
-152.0,12,1.387262
-108.0,12,1.387262
90.0,12,1.402886
-30.0,12,1.402886
-160.0,12,1.41851
-44.0,12,1.434135
-152.0,12,1.445174
-100.0,12,1.456859
-2.0,12,1.46485
-66.0,12,1.46485
6.0,12,1.480475
-84.0,12,1.480475
-226.0,12,1.4961
-148.0,12,1.4961
-58.0,12,1.4961
-208.0,12,1.511724
-104.0,12,1.511724
-72.0,12,1.527348
-120.0,12,1.527348
-130.0,12,1.542974
-106.0,12,1.542974
90.0,12,1.542974
44.0,12,1.564186
-66.0,12,1.577947
-154.0,12,1.586965
-60.0,12,1.58897
6.0,12,1.604615
-172.0,12,1.604615
-150.0,12,1.604615
-50.0,12,1.620219
-116.0,12,1.620219
-120.0,12,1.635865
-190.0,12,1.635865
-52.0,12,1.651467
-156.0,12,1.651467
-112.0,12,1.667093
-170.0,12,1.667093
-180.0,12,1.667093
-144.0,12,1.682736
-150.0,12,1.682736
-240.0,12,1.700816
-88.0,12,1.707959
-202.0,12,1.714818
-112.0,12,1.722768
-134.0,12,1.729814
10.0,12,1.735839
-240.0,12,1.735839
-170.0,12,1.735839
-186.0,12,1.75909
-142.0,12,1.766909
-52.0,12,1.773636
-172.0,12,1.777645
-164.0,12,1.777645
-92.0,12,1.793271
-100.0,12,1.793271
-166.0,12,1.808915
-180.0,12,1.808915
-206.0,12,1.82452
-88.0,12,1.82452
-132.0,12,1.82452
-114.0,12,1.840142
-190.0,12,1.840142
-154.0,12,1.855766
-202.0,12,1.871975
-230.0,12,1.880476
-172.0,12,1.887633
-2.0,12,1.894648
-166.0,12,1.894648
-52.0,12,1.894648
-240.0,12,1.910294
-240.0,12,1.910294
-104.0,12,1.925919
-140.0,12,1.925919
-156.0,12,1.941542
-100.0,12,1.957167
-188.0,12,1.957167
-186.0,12,1.972771
-220.0,12,1.972771
-88.0,12,1.972771
-172.0,12,1.988415
-146.0,12,1.988415
-98.0,12,2.004018
-114.0,12,2.004018
42.0,12,2.004018
-204.0,12,2.019642
-112.0,12,2.035288
-154.0,12,2.035288
-164.0,12,2.05089
-124.0,12,2.05089
-76.0,12,2.05089
-126.0,12,2.066538
-130.0,12,2.066538
-142.0,12,2.082159
-94.0,12,2.082159
-210.0,12,2.097764
-98.0,12,2.097764
-90.0,12,2.113408
-200.0,12,2.113408
-216.0,12,2.129032
-110.0,12,2.129032
-104.0,12,2.144656
-202.0,12,2.144656
-84.0,12,2.160259
-60.0,12,2.160259
-138.0,12,2.175904
-154.0,12,2.191507
-8.0,12,2.191507
-202.0,12,2.207133
-204.0,12,2.207133
-84.0,12,2.207133
-214.0,12,2.232809
-16.0,12,2.240938
-156.0,12,2.241947
-204.0,12,2.241947
-76.0,12,2.257593
-240.0,12,2.257593
-98.0,12,2.273217
-58.0,12,2.273217
-120.0,12,2.288842
-202.0,12,2.288842
-132.0,12,2.288842
-116.0,12,2.304466
-154.0,12,2.304466
-66.0,12,2.320089
-176.0,12,2.320089
-124.0,12,2.335713
-50.0,12,2.335713
-240.0,12,2.335713
-188.0,12,2.351316
-198.0,12,2.366962
4.0,12,2.366962
-80.0,12,2.366962
-138.0,12,2.382586
-48.0,12,2.382586
-76.0,12,2.39821
-240.0,12,2.39821
-98.0,12,2.413834
-156.0,12,2.413834
-54.0,12,2.429437
-60.0,12,2.429437
-80.0,12,2.445083
-146.0,12,2.460685
-204.0,12,2.460685
-40.0,12,2.476311
-30.0,12,2.476311
-224.0,12,2.491935
-186.0,12,2.507559
-118.0,12,2.507559
-188.0,12,2.523183
-90.0,12,2.538807
-184.0,12,2.538807
-160.0,12,2.55443
-28.0,12,2.55443
-134.0,12,2.570076
-154.0,12,2.570076
-114.0,12,2.570076
-102.0,12,2.585679
-190.0,12,2.585679
-108.0,12,2.601302
-138.0,12,2.616926
-156.0,12,2.616926
-96.0,12,2.63255
-174.0,12,2.648174
-100.0,12,2.648174
-240.0,12,2.648174
-190.0,12,2.6638
-130.0,12,2.679454
-114.0,12,2.679454
-76.0,12,2.695046
-120.0,12,2.695046
-62.0,12,2.695046
-190.0,12,2.710692
30.0,12,2.729249
-86.0,12,2.742107
-240.0,12,2.750106
-136.0,12,2.750106
-80.0,12,2.750106
-46.0,12,2.774643
-176.0,12,2.784809
-240.0,12,2.784809
-152.0,12,2.800454
-124.0,12,2.800454
-2.0,12,2.816079
-94.0,12,2.816079
-132.0,12,2.831703
-148.0,12,2.831703
-24.0,12,2.847327
-144.0,12,2.847327
-168.0,12,2.862932
-240.0,12,2.862932
-190.0,12,2.878575
-158.0,12,2.878575
-240.0,12,2.894202
-240.0,12,2.894202
-130.0,12,2.909824
14.0,12,2.909824
-212.0,12,2.925448
-72.0,12,2.925448
-20.0,12,2.941072
-144.0,12,2.941072
-140.0,12,2.941072
-170.0,12,2.956677
-20.0,12,2.956677
-48.0,12,2.97232
-188.0,12,2.987952
-2.0,12,2.987952
-190.0,12,3.003569
-128.0,12,3.003569
-110.0,12,3.019174
-90.0,12,3.019174
-30.0,12,3.034796
-94.0,12,3.034796
2.0,12,3.05042
-104.0,12,3.066065
-106.0,12,3.066065
-2.0,12,3.081689
-18.0,12,3.097294
-182.0,12,3.112937
-220.0,12,3.112937
-158.0,12,3.128561
-178.0,12,3.128561
-8.0,12,3.144186
-228.0,12,3.159817
-80.0,12,3.159817
-240.0,12,3.175412
-102.0,12,3.191057
-198.0,12,3.191057
-136.0,12,3.206661
-150.0,12,3.206661
-6.0,12,3.222285
-168.0,12,3.232138
-92.0,12,3.241278
-148.0,12,3.243308
-138.0,12,3.258953
-34.0,12,3.274578
-106.0,12,3.274578
-44.0,12,3.294798
-72.0,12,3.304584
-120.0,12,3.314727
-38.0,12,3.319788
-92.0,12,3.333938
-124.0,12,3.343942
-240.0,12,3.343942
-100.0,12,3.359572
-64.0,12,3.359572
-104.0,12,3.375194
-90.0,12,3.375194
-202.0,12,3.390818
-110.0,12,3.390818
-84.0,12,3.406442
-122.0,12,3.406442
-76.0,12,3.422066
-214.0,12,3.422066
-196.0,12,3.437691
-136.0,12,3.437691
-56.0,12,3.453338
-240.0,12,3.453338
-160.0,12,3.468939
-38.0,12,3.468939
-94.0,12,3.484584
-124.0,12,3.484584
-240.0,12,3.500208
-170.0,12,3.500208
-2.0,12,3.515812
-102.0,12,3.531456
-94.0,12,3.531456
-198.0,12,3.547081
-164.0,12,3.547081
-86.0,12,3.562685
-202.0,12,3.578328
-76.0,12,3.593932
-102.0,12,3.593932
-148.0,12,3.609555
-100.0,12,3.609555
-28.0,12,3.625201
-196.0,12,3.625201
-88.0,12,3.640805
-12.0,12,3.640805
-190.0,12,3.65643
-96.0,12,3.65643
-58.0,12,3.672054
-240.0,12,3.687676
-166.0,12,3.703321
-140.0,12,3.719372
-14.0,12,3.729336
-92.0,12,3.73751
-144.0,12,3.743515
-172.0,12,3.743515
-94.0,12,3.75914
-202.0,12,3.75914
-168.0,12,3.774784
-220.0,12,3.774784
-156.0,12,3.790409
-240.0,12,3.790409
-28.0,12,3.815341
-94.0,12,3.823773
-80.0,12,3.826786
-148.0,12,3.826786
-84.0,12,3.842411
-148.0,12,3.842411
-240.0,12,3.858033
-204.0,12,3.858033
-128.0,12,3.873658
-58.0,12,3.889305
-138.0,12,3.904928
-94.0,12,3.904928
-158.0,12,3.92053
-204.0,12,3.92053
-202.0,12,3.936154
-118.0,12,3.936154
-84.0,12,3.951779
-240.0,12,3.951779
-196.0,12,3.967403
-48.0,12,3.967403
-96.0,12,3.983026
-214.0,12,3.998672
-172.0,12,3.998672
-68.0,12,4.014274
-240.0,12,4.014274
-28.0,12,4.029899
-104.0,12,4.029899
-176.0,12,4.045523
18.0,12,4.045523
-14.0,12,4.061147
-240.0,12,4.061147
-208.0,12,4.076772
-198.0,12,4.076772
-174.0,12,4.092417
-32.0,12,4.092417
-74.0,12,4.10802
-240.0,12,4.10802
-28.0,12,4.123643
-152.0,12,4.139289
-146.0,12,4.139289
-240.0,12,4.154892
-174.0,12,4.154892
-120.0,12,4.170516
68.0,12,4.170516
-102.0,12,4.18614
-166.0,12,4.18614
-190.0,12,4.201764
-126.0,12,4.217733
-190.0,12,4.229686
-170.0,12,4.236704
-210.0,12,4.236704
-198.0,12,4.252351
-22.0,12,4.252351
-200.0,12,4.267953
-240.0,12,4.267953
-76.0,12,4.283598
-202.0,12,4.283598
-186.0,12,4.299222
-240.0,12,4.299222
-170.0,12,4.314827
88.0,12,4.330471
-240.0,12,4.346326
-48.0,12,4.354326
-164.0,12,4.367559
-44.0,12,4.375558
-176.0,12,4.375558
-240.0,12,4.391185
-138.0,12,4.391185
-98.0,12,4.406806
-138.0,12,4.422453
-26.0,12,4.422453
-124.0,12,4.438055
-104.0,12,4.453701
-156.0,12,4.453701
-190.0,12,4.469303
-176.0,12,4.484949
-124.0,12,4.484949
68.0,12,4.500554
-146.0,12,4.516176
-76.0,12,4.5318
-178.0,12,4.5318
-240.0,12,4.547445
-48.0,12,4.547445
-164.0,12,4.56307
-10.0,12,4.56307
-240.0,12,4.578695
-70.0,12,4.578695
58.0,12,4.594318
-32.0,12,4.594318
-162.0,12,4.609942
-204.0,12,4.609942
-152.0,12,4.625567
-104.0,12,4.64119
-172.0,12,4.64119
32.0,12,4.656793
-46.0,12,4.672439
-114.0,12,4.672439
-152.0,12,4.688062
-184.0,12,4.703687
-124.0,12,4.721666
-240.0,12,4.736725
-116.0,12,4.743727
-182.0,12,4.743727
-162.0,12,4.759353
-14.0,12,4.759353
-40.0,12,4.774997
-198.0,12,4.7906
56.0,12,4.7906
8.0,12,4.806245
-160.0,12,4.821877
-216.0,12,4.821877
-240.0,12,4.837474
-184.0,12,4.853117
-188.0,12,4.869351
-210.0,12,4.880199
-240.0,12,4.889681
-160.0,12,4.889681
-146.0,12,4.905327
-162.0,12,4.92095
-70.0,12,4.936575
-210.0,12,4.936575
-154.0,12,4.952199
-132.0,12,4.952199
-226.0,12,4.967823
-190.0,12,4.983468
-196.0,12,4.983468
-220.0,12,4.999051
-240.0,12,4.999051
-154.0,12,5.014696
-228.0,12,5.030299
-110.0,12,5.030299
-118.0,12,5.045923
-86.0,12,5.045923
-170.0,12,5.061568
-202.0,12,5.061568
-142.0,12,5.077194
-140.0,12,5.077194
-188.0,12,5.092795
-14.0,12,5.108419
-114.0,12,5.124043
-240.0,12,5.139688
-162.0,12,5.139688
-78.0,12,5.155291
-20.0,12,5.155291
-180.0,12,5.170916
-188.0,12,5.18654
-126.0,12,5.18654
-208.0,12,5.202163
-96.0,12,5.202163
-96.0,12,5.221856
-212.0,12,5.232923
-124.0,12,5.236934
-22.0,12,5.236934
-120.0,12,5.25256
6.0,12,5.25256
-84.0,12,5.268204
-84.0,12,5.268204
-64.0,12,5.283808
-214.0,12,5.299432
-202.0,12,5.299432
-66.0,12,5.315075
-20.0,12,5.33068
-34.0,12,5.33068
-108.0,12,5.346327
-210.0,12,5.346327
-136.0,12,5.361927
-40.0,12,5.377552
-180.0,12,5.377552
-90.0,12,5.393176
-208.0,12,5.409369
-136.0,12,5.417387
54.0,12,5.427336
-154.0,12,5.436437
-100.0,12,5.438451
-40.0,12,5.454077
-150.0,12,5.454077
-112.0,12,5.469721
-122.0,12,5.469721
-104.0,12,5.485346
-156.0,12,5.485346
-106.0,12,5.50095
-136.0,12,5.50095
-136.0,12,5.516574
10.0,12,5.516574
-212.0,12,5.532198
-170.0,12,5.547822
-64.0,12,5.547822
-154.0,12,5.563445
-82.0,12,5.563445
-76.0,12,5.579069
-60.0,12,5.594693
-26.0,12,5.610317
-154.0,12,5.625962
-146.0,12,5.625962
-202.0,12,5.641586
-80.0,12,5.657189
-66.0,12,5.657189
-56.0,12,5.672813
-92.0,12,5.688437
-220.0,12,5.688437
8.0,12,5.704061
-20.0,12,5.704061
-194.0,12,5.72215
-132.0,12,5.732984
-202.0,12,5.742094
-20.0,12,5.744127
-74.0,12,5.744127
-178.0,12,5.759753
-208.0,12,5.775398
-70.0,12,5.791033
-218.0,12,5.806646
-168.0,12,5.822248
-44.0,12,5.822248
-136.0,12,5.837873
4.0,12,5.837873
-42.0,12,5.853518
-40.0,12,5.869142
-158.0,12,5.869142
-190.0,12,5.884766
-106.0,12,5.884766
-160.0,12,5.90037
-114.0,12,5.90037
-36.0,12,5.915993
-122.0,12,5.915993
-128.0,12,5.938419
-206.0,12,5.947533
-50.0,12,5.952544
-94.0,12,5.952544
30.0,12,5.96817
-66.0,12,5.983814
-156.0,12,5.999416
-36.0,12,5.999416
-124.0,12,6.015041
-186.0,12,6.030665
-2.0,12,6.030665
-188.0,12,6.046311
-98.0,12,6.046311
-140.0,12,6.061915
-114.0,12,6.061915
-80.0,12,6.077538
-42.0,12,6.077538
-194.0,12,6.093161
-174.0,12,6.093161
-144.0,12,6.108807
-240.0,12,6.124431
-186.0,12,6.140054
-50.0,12,6.140054
-60.0,12,6.155658
-144.0,12,6.171282
-142.0,12,6.186907
-118.0,12,6.186907
-30.0,12,6.202552
-142.0,12,6.202552
-176.0,12,6.226274
-172.0,12,6.237321
-152.0,12,6.237321
-32.0,12,6.252967
4.0,12,6.268591
-132.0,12,6.268591
-152.0,12,6.284196
-72.0,12,6.284196
-116.0,12,6.299839
-138.0,12,6.315464
-132.0,12,6.315464
-76.0,12,6.331088
-122.0,12,6.331088
-240.0,12,6.346713
-158.0,12,6.346713
-166.0,12,6.362337
-124.0,12,6.362337
-222.0,12,6.377962
-120.0,12,6.377962
-114.0,12,6.393584
-112.0,12,6.393584
-202.0,12,6.409209
-10.0,12,6.409209
-178.0,12,6.424835
-198.0,12,6.440457
-34.0,12,6.440457
0.0,12,6.458966
-158.0,12,6.471468
-186.0,12,6.473481
-112.0,12,6.489127
14.0,12,6.489127
-84.0,12,6.504733
-46.0,12,6.520354
-240.0,12,6.520354
-180.0,12,6.535978
-166.0,12,6.551603
-210.0,12,6.551603
-44.0,12,6.567247
-116.0,12,6.567247
-112.0,12,6.582872
-128.0,12,6.598496
-126.0,12,6.598496
-146.0,12,6.61412
-116.0,12,6.61412
-220.0,12,6.629724
-110.0,12,6.629724
-42.0,12,6.645347
-138.0,12,6.645347
-120.0,12,6.660971
-144.0,12,6.676617
-206.0,12,6.676617
-170.0,12,6.692241
-118.0,12,6.707843
-40.0,12,6.707843
-108.0,12,6.733264
-206.0,12,6.742426
-166.0,12,6.744439
-32.0,12,6.744439
2.0,12,6.760087
-192.0,12,6.775709
-150.0,12,6.775709
-134.0,12,6.791334
-240.0,12,6.791334
-182.0,12,6.806961
-16.0,12,6.806961
-4.0,12,6.822583
-204.0,12,6.838186
-122.0,12,6.838186
-170.0,12,6.85383
-144.0,12,6.869433
-2.0,12,6.869433
-188.0,12,6.885077
-172.0,12,6.900683
-162.0,12,6.900683
-138.0,12,6.916326
-80.0,12,6.931929
-42.0,12,6.947574
-204.0,12,6.96318
-134.0,12,6.96318
-154.0,12,6.978801
-138.0,12,6.994886
-198.0,12,7.004259
-62.0,12,7.013421
-158.0,12,7.015436
-240.0,12,7.031062
40.0,12,7.031062
-90.0,12,7.046686
-92.0,12,7.046686
-132.0,12,7.062311
-240.0,12,7.077954
-156.0,12,7.077954
-206.0,12,7.093557
-226.0,12,7.109181
-92.0,12,7.109181
-154.0,12,7.12483
-192.0,12,7.12483
-148.0,12,7.140429
-178.0,12,7.140429
-112.0,12,7.156075
-202.0,12,7.171679
-102.0,12,7.187324
-190.0,12,7.202946
-42.0,12,7.202946
-94.0,12,7.224553
-120.0,12,7.233664
-104.0,12,7.237675
-70.0,12,7.237675
-124.0,12,7.2533
-204.0,12,7.2533
-78.0,12,7.268945
-140.0,12,7.284569
8.0,12,7.300172
-168.0,12,7.300172
-100.0,12,7.315817
-16.0,12,7.331441
-66.0,12,7.347065
-46.0,12,7.347065
-206.0,12,7.362689
-188.0,12,7.362689
-240.0,12,7.378313
22.0,12,7.378313
-140.0,12,7.393918
-86.0,12,7.409562
-88.0,12,7.409562
-36.0,12,7.425186
-240.0,12,7.440789
-204.0,12,7.440789
-116.0,12,7.456413
-156.0,12,7.456413
-128.0,12,7.472059
-178.0,12,7.487661
-174.0,12,7.487661
-124.0,12,7.503287
-80.0,12,7.503287
-140.0,12,7.525205
12.0,12,7.536336
-148.0,12,7.536336
-66.0,12,7.551962
-106.0,12,7.551962
-240.0,12,7.567587
-42.0,12,7.567587
-134.0,12,7.583212
-120.0,12,7.598835
-56.0,12,7.598835
-208.0,12,7.614459
16.0,12,7.614459
-106.0,12,7.630084
-92.0,12,7.645705
-204.0,12,7.645705
44.0,12,7.661332
-186.0,12,7.676975
-158.0,12,7.676975
-186.0,12,7.692599
-18.0,12,7.708204
-74.0,12,7.708204
-82.0,12,7.725159
-126.0,12,7.737768
-134.0,12,7.743764
-22.0,12,7.743764
52.0,12,7.75941
-170.0,12,7.75941
-96.0,12,7.775034
-140.0,12,7.775034
-156.0,12,7.790638
-176.0,12,7.790638
-152.0,12,7.806262
-120.0,12,7.821907
-192.0,12,7.821907
-212.0,12,7.837531
34.0,12,7.837531
-212.0,12,7.853158
-190.0,12,7.853158
-14.0,12,7.868758
-116.0,12,7.868758
-184.0,12,7.884382
-170.0,12,7.900027
-132.0,12,7.915631
-190.0,12,7.915631
-124.0,12,7.931256
-128.0,12,7.931256
-66.0,12,7.946899
-84.0,12,7.946899
-240.0,12,7.962504
-192.0,12,7.962504
-118.0,12,7.978129
-158.0,12,7.978129
-194.0,12,7.993751
-240.0,12,7.993751
-186.0,12,8.009377
-108.0,12,8.024999
44.0,12,8.024999
-156.0,12,8.040625
-148.0,12,8.056798
-116.0,12,8.070191
-128.0,12,8.077205
-98.0,12,8.077205
-202.0,12,8.092851
-124.0,12,8.108456
42.0,12,8.112077
-90.0,12,8.1316
-130.0,12,8.142578
-196.0,12,8.154404
-120.0,12,8.162408
-156.0,12,8.167288
-170.0,12,8.181281
-190.0,12,8.194193
-120.0,12,8.195051
-240.0,12,8.210677
-22.0,12,8.210677
2.0,12,8.229959
-18.0,12,8.243636
-224.0,12,8.243636
-64.0,12,8.269576
-70.0,12,8.271445
-136.0,12,8.287091
-164.0,12,8.302715
-158.0,12,8.302715
-68.0,12,8.318343
-100.0,12,8.318343
-134.0,12,8.333941
-38.0,12,8.349587
-16.0,12,8.365191
-166.0,12,8.365191
-132.0,12,8.380815
-110.0,12,8.396482
-122.0,12,8.396482
-14.0,12,8.412083
62.0,12,8.412083
-204.0,12,8.427708
-82.0,12,8.44331
-162.0,12,8.44331
-46.0,12,8.458934
-140.0,12,8.458934
20.0,12,8.47458
-166.0,12,8.47458
-156.0,12,8.490206
-74.0,12,8.505828
-140.0,12,8.521453
-172.0,12,8.521453
-190.0,12,8.537076
-138.0,12,8.5527
-120.0,12,8.568303
-224.0,12,8.568303
-204.0,12,8.584537
-106.0,12,8.598149
-240.0,12,8.606148
-172.0,12,8.606148
-106.0,12,8.621774
-18.0,12,8.621774
-64.0,12,8.637417
-140.0,12,8.637417
-148.0,12,8.653042
-94.0,12,8.653042
-116.0,12,8.668666
-200.0,12,8.668666
-60.0,12,8.684289
-140.0,12,8.699894
-50.0,12,8.699894
60.0,12,8.722843
-240.0,12,8.735065
-60.0,12,8.744058
-98.0,12,8.745073
-76.0,12,8.760699
-206.0,12,8.760699
-122.0,12,8.776343
-108.0,12,8.791946
-108.0,12,8.807591
-208.0,12,8.823223
-94.0,12,8.823223
-180.0,12,8.83884
-44.0,12,8.901316
-66.0,12,8.916961
-178.0,12,8.916961
-54.0,12,8.932585
-190.0,12,8.932585
-50.0,12,8.94821
-62.0,12,8.94821
-204.0,12,8.963833
-74.0,12,8.979456
-112.0,12,8.979456
-44.0,12,8.995059
-122.0,12,8.995059
-240.0,12,9.010705
-170.0,12,9.026336
-178.0,12,9.026336
-114.0,12,9.041933
-214.0,12,9.057555
-112.0,12,9.057555
-158.0,12,9.073181
-112.0,12,9.088804
-90.0,12,9.088804
-240.0,12,9.10445
-240.0,12,9.10445
-164.0,12,9.120664
-174.0,12,9.1361
-220.0,12,9.141104
-144.0,12,9.141104
-182.0,12,9.156749
-168.0,12,9.156749
-184.0,12,9.172353
-48.0,12,9.187977
-240.0,12,9.187977
20.0,12,9.203622
-98.0,12,9.219504
-190.0,12,9.228212
-118.0,12,9.237036
-138.0,12,9.237036
-6.0,12,9.252661
-28.0,12,9.268284
-78.0,12,9.268284
-170.0,12,9.283929
-190.0,12,9.283929
-54.0,12,9.299532
-72.0,12,9.315157
-152.0,12,9.315157
-140.0,12,9.33078
-142.0,12,9.33078
-172.0,12,9.346406
0.0,12,9.346406
-184.0,12,9.362044
48.0,12,9.362044
-240.0,12,9.377674
-240.0,12,9.377674
-152.0,12,9.393298
-80.0,12,9.393298
-78.0,12,9.408922
-188.0,12,9.424546
-186.0,12,9.424546
-178.0,12,9.440172
-82.0,12,9.440172
36.0,12,9.455774
-86.0,12,9.455774
-240.0,12,9.471419
-212.0,12,9.471419
-146.0,12,9.487022
-182.0,12,9.487022
-218.0,12,9.502672
-170.0,12,9.502672
-150.0,12,9.51827
-138.0,12,9.533915
84.0,12,9.533915
-66.0,12,9.54954
-148.0,12,9.54954
-134.0,12,9.565144
-208.0,12,9.565144
-190.0,12,9.580787
-164.0,12,9.596393
-120.0,12,9.596393
-6.0,12,9.612016
-190.0,12,9.612016
-156.0,12,9.62766
-184.0,12,9.62766
-100.0,12,9.652541
-188.0,12,9.661066
-100.0,12,9.661066
-48.0,12,9.676712
-222.0,12,9.676712
-134.0,12,9.692317
-204.0,12,9.707963
-116.0,12,9.707963
-80.0,12,9.725792
-110.0,12,9.739499
-32.0,12,9.745502
-92.0,12,9.745502
20.0,12,9.761128
-34.0,12,9.776773
-98.0,12,9.776773
-130.0,12,9.792375
-208.0,12,9.792375
-240.0,12,9.80802
-210.0,12,9.80802
-20.0,12,9.823646
-66.0,12,9.823646
-42.0,12,9.839269
-106.0,12,9.839269
-132.0,12,9.854893
-168.0,12,9.870496
-68.0,12,9.870496
-108.0,12,9.886142
-140.0,12,9.901744
-140.0,12,9.901744
-46.0,12,9.917389
-132.0,12,9.917389
-150.0,12,9.933013
-240.0,12,9.933013
-38.0,12,9.948638
66.0,12,9.948638
-220.0,12,9.964262
-178.0,12,9.964262
-104.0,12,9.979886
2.0,12,9.979886
-196.0,12,9.995488
-66.0,12,10.011133
-84.0,12,10.011133
-78.0,12,10.026737
34.0,12,10.026737
40.0,12,10.042361
-128.0,12,10.057985
-30.0,12,10.057985
-62.0,12,10.073611
-182.0,12,10.089254
-240.0,12,10.089254
-32.0,12,10.104857
-168.0,12,10.104857
-64.0,12,10.120481
-28.0,12,10.120481
-172.0,12,10.136106
-172.0,12,10.136106
44.0,12,10.151729
-124.0,12,10.170866
2.0,12,10.181842
-76.0,12,10.194953
-148.0,12,10.196957
-116.0,12,10.212603
-192.0,12,10.231042
-88.0,12,10.240428
-202.0,12,10.249615
-206.0,12,10.251621
-126.0,12,10.251621
-102.0,12,10.267267
-112.0,12,10.282891
-52.0,12,10.298516
-168.0,12,10.298516
-180.0,12,10.314119
-98.0,12,10.329764
-104.0,12,10.345387
-18.0,12,10.345387
-126.0,12,10.361012
-168.0,12,10.376636
-204.0,12,10.376636
-110.0,12,10.39224
-240.0,12,10.407865
-224.0,12,10.407865
-74.0,12,10.423489
-54.0,12,10.423489
-142.0,12,10.439114
-26.0,12,10.454756
-150.0,12,10.454756
-138.0,12,10.47036
-152.0,12,10.47036
-240.0,12,10.485985
-62.0,12,10.485985
-190.0,12,10.501608
-138.0,12,10.517252
-132.0,12,10.532877
-144.0,12,10.532877
-18.0,12,10.548481
-154.0,12,10.564105
-80.0,12,10.564105
-136.0,12,10.579749
-118.0,12,10.579749
-208.0,12,10.595353
-190.0,12,10.610976
-104.0,12,10.610976
-128.0,12,10.62663
-16.0,12,10.642257
-216.0,12,10.642257
-216.0,12,10.65787
-148.0,12,10.65787
-170.0,12,10.673473
-48.0,12,10.689127
-62.0,12,10.689127
-96.0,12,10.715832
-182.0,12,10.723742
-170.0,12,10.736247
-130.0,12,10.745798
-36.0,12,10.761423
-170.0,12,10.761423
-104.0,12,10.777049
-28.0,12,10.792692
-210.0,12,10.792692
-80.0,12,10.808315
-172.0,12,10.808315
-166.0,12,10.82392
30.0,12,10.839545
-138.0,12,10.839545
-204.0,12,10.855189
-74.0,12,10.855189
-28.0,12,10.870812
24.0,12,10.870812
-156.0,12,10.886415
-192.0,12,10.886415
-82.0,12,10.902039
-194.0,12,10.902039
-240.0,12,10.917663
-190.0,12,10.933308
-156.0,12,10.933308
-184.0,12,10.948911
-226.0,12,10.948911
12.0,12,10.964535
-188.0,12,10.980162
-128.0,12,10.980162
-94.0,12,10.995805
-152.0,12,10.995805
-168.0,12,11.011408
-166.0,12,11.027053
-138.0,12,11.027053
-58.0,12,11.042656
-18.0,12,11.058301
-170.0,12,11.058301
-32.0,12,11.073904
-158.0,12,11.073904
-150.0,12,11.08955
-74.0,12,11.08955
-182.0,12,11.105174
-190.0,12,11.105174
-182.0,12,11.120777
38.0,12,11.120777
-38.0,12,11.136423
-18.0,12,11.152025
-154.0,12,11.152025
-138.0,12,11.167649
-94.0,12,11.167649
-52.0,12,11.183273
0.0,12,11.183273
-156.0,12,11.198897
-130.0,12,11.198897
-148.0,12,11.223981
-162.0,12,11.231633
-186.0,12,11.242758
-240.0,12,11.251925
-158.0,12,11.252942
-108.0,12,11.268568
-176.0,12,11.268568
-4.0,12,11.284212
-82.0,12,11.284212
-196.0,12,11.299814
-180.0,12,11.31544
-110.0,12,11.331083
-136.0,12,11.331083
-190.0,12,11.346688
-170.0,12,11.362331
-156.0,12,11.377934
-152.0,12,11.377934
12.0,12,11.393579
-110.0,12,11.409183
-240.0,12,11.424828
52.0,12,11.440431
-34.0,12,11.440431
-126.0,12,11.456056
-140.0,12,11.47168
-100.0,12,11.47168
-76.0,12,11.487324
-190.0,12,11.487324
-240.0,12,11.50295
-28.0,12,11.50295
-152.0,12,11.518551
-88.0,12,11.534175
-240.0,12,11.534175
-214.0,12,11.5498
-138.0,12,11.5498
-150.0,12,11.565448
-240.0,12,11.565448
-184.0,12,11.58107
-116.0,12,11.58107
-152.0,12,11.596672
-208.0,12,11.596672
-140.0,12,11.612299
-240.0,12,11.612299
-116.0,12,11.627922
-30.0,12,11.627922
-240.0,12,11.643547
-12.0,12,11.643547
-132.0,12,11.65917
-160.0,12,11.674793
-62.0,12,11.674793
16.0,12,11.690439
-112.0,12,11.706061
-186.0,12,11.706061
0.0,12,11.732993
-52.0,12,11.747358
-176.0,12,11.759246
-100.0,12,11.77371
-146.0,12,11.786599
-172.0,12,11.804244
-122.0,12,11.814382
-228.0,12,11.830008
-174.0,12,11.844241
-50.0,12,11.856019
-90.0,12,11.868757
-176.0,12,11.879995
-126.0,12,11.891576
-90.0,12,11.900835
-122.0,12,11.904641
14.0,12,11.904641
-60.0,12,11.927278
-136.0,12,11.937622
-98.0,12,11.939394
-130.0,12,11.956542
-222.0,12,11.967151
-186.0,12,11.967151
-128.0,12,11.982776
-112.0,12,11.982776
-150.0,12,11.998402
-14.0,12,11.998402
10.0,12,12.014026
74.0,12,12.014026
-116.0,12,12.029648
-202.0,12,12.045272
-192.0,12,12.045272
-156.0,12,12.060899
-156.0,12,12.080401
-226.0,12,12.085254
64.0,12,12.104741
-220.0,12,12.117781
-118.0,12,12.13052
-166.0,12,12.147781
-194.0,12,12.162216
-190.0,12,12.176069
-218.0,12,12.189911
-58.0,12,12.203817
-142.0,12,12.217694
-182.0,12,12.231709
-96.0,12,12.238623
-128.0,12,12.252458
-192.0,12,12.266299
-42.0,12,12.28479
-162.0,12,12.294115
-190.0,12,12.313068
-52.0,12,12.327436
-202.0,12,12.343286
-98.0,12,12.35628
-138.0,12,12.368239
-102.0,12,12.38337
-66.0,12,12.395525
-86.0,12,12.404842
-156.0,12,12.420466
-62.0,12,12.433439
-190.0,12,12.433439
-240.0,12,12.449066
36.0,12,12.46469
-144.0,12,12.480334
70.0,12,12.480334
-10.0,12,12.503222
-98.0,12,12.503603
-138.0,12,12.51923
-108.0,12,12.534853
-64.0,12,12.534853
-208.0,12,12.550479
-100.0,12,12.566102
4.0,12,12.581746
-220.0,12,12.581746
-226.0,12,12.59737
18.0,12,12.612996
-86.0,12,12.628597
-40.0,12,12.644223
-154.0,12,12.659866
-108.0,12,12.675491
-112.0,12,12.675491
-134.0,12,12.691094
-76.0,12,12.691094
-120.0,12,12.706739
-104.0,12,12.728112
-224.0,12,12.728112
-106.0,12,12.743738
-82.0,12,12.766174
-50.0,12,12.767588
-164.0,12,12.783212
-154.0,12,12.798837
-218.0,12,12.798837
-114.0,12,12.822579
-84.0,12,12.838206
-154.0,12,12.838206
16.0,12,12.853829
-50.0,12,12.869455
2.0,12,12.869455
-174.0,12,12.891809
-94.0,12,12.891809
-216.0,12,12.912704
-86.0,12,12.912704
-68.0,12,12.928349
-172.0,12,12.943952
-44.0,12,12.95961
-166.0,12,12.95961
-152.0,12,12.975201
-128.0,12,12.990825
-134.0,12,13.00645
-58.0,12,13.022095
-140.0,12,13.037698
-64.0,12,13.053321
-186.0,12,13.053321
-98.0,12,13.068967
-198.0,12,13.08459
-90.0,12,13.100195
-126.0,12,13.115819
-156.0,12,13.131462
-130.0,12,13.148252
-144.0,12,13.155947
-22.0,12,13.171588
-110.0,12,13.187197
-186.0,12,13.202823
-204.0,12,13.202823
-156.0,12,13.228153
-54.0,12,13.228153
-68.0,12,13.243781
-116.0,12,13.259403
-90.0,12,13.275027
-188.0,12,13.275027
-96.0,12,13.290672
-30.0,12,13.316085
-134.0,12,13.329659
-98.0,12,13.34417
-148.0,12,13.351142
4.0,12,13.36485
-126.0,12,13.378805
-148.0,12,13.392441
-126.0,12,13.4065
-210.0,12,13.422154
-130.0,12,13.427392
-94.0,12,13.443017
-112.0,12,13.462205
-202.0,12,13.462205
-52.0,12,13.489941
-122.0,12,13.489941
-112.0,12,13.505568
-120.0,12,13.521211
-48.0,12,13.536843
-138.0,12,13.55244
-116.0,12,13.55244
-110.0,12,13.568062
-140.0,12,13.583686
92.0,12,13.599341
-38.0,12,13.614935
-118.0,12,13.614935
-100.0,12,13.630559
-78.0,12,13.646183
-92.0,12,13.661807
-164.0,12,13.661807
-154.0,12,13.677456
-148.0,12,13.693057
-206.0,12,13.708679
-86.0,12,13.725842
-112.0,12,13.728904
-16.0,12,13.744531
-92.0,12,13.760155
-68.0,12,13.77579
-86.0,12,13.791401
-134.0,12,13.791401
-86.0,12,13.807046
-136.0,12,13.822651
-154.0,12,13.838285
-212.0,12,13.853929
-190.0,12,13.853929
-152.0,12,13.878447
-204.0,12,13.894093
-100.0,12,13.909698
-206.0,12,13.919738
-134.0,12,13.926803
-240.0,12,13.940685
-52.0,12,13.958595
-240.0,12,13.974855
-206.0,12,13.982914
-146.0,12,13.982914
-204.0,12,13.99854
-104.0,12,13.99854
-68.0,12,14.014163
-138.0,12,14.029786
-214.0,12,14.029786
-32.0,12,14.045411
-72.0,12,14.061057
-58.0,12,14.061057
-188.0,12,14.076659
-94.0,12,14.076659
-54.0,12,14.092283
-184.0,12,14.107907
-76.0,12,14.107907
-106.0,12,14.123531
-144.0,12,14.123531
-208.0,12,14.139155
-232.0,12,14.139155
-120.0,12,14.15478
-112.0,12,14.170403
-190.0,12,14.186049
-240.0,12,14.201673
-182.0,12,14.201673
-76.0,12,14.221673
-72.0,12,14.232841
-114.0,12,14.241978
-42.0,12,14.245978
-240.0,12,14.245978
-172.0,12,14.261624
-112.0,12,14.261624
-240.0,12,14.289266
-180.0,12,14.298401
-192.0,12,14.301307
-188.0,12,14.316959
-44.0,12,14.329952
-76.0,12,14.339086
-102.0,12,14.342955
-122.0,12,14.35792
-188.0,12,14.363803
-126.0,12,14.363803
-158.0,12,14.379429
-202.0,12,14.379429
-160.0,12,14.395073
42.0,12,14.395073
-112.0,12,14.422984
-50.0,12,14.427011
68.0,12,14.427011
-204.0,12,14.442657
-80.0,12,14.458281
-66.0,12,14.458281
-172.0,12,14.473884
-146.0,12,14.473884
-118.0,12,14.489508
-128.0,12,14.505132
-206.0,12,14.505132
-52.0,12,14.520757
-148.0,12,14.520757
-104.0,12,14.536381
-240.0,12,14.536381
-138.0,12,14.552004
-188.0,12,14.552004
-192.0,12,14.567629
-184.0,12,14.583273
-240.0,12,14.583273
-138.0,12,14.598898
-102.0,12,14.598898
-50.0,12,14.614522
-198.0,12,14.614522
-158.0,12,14.630146
-54.0,12,14.645771
-36.0,12,14.645771
-36.0,12,14.661394
-204.0,12,14.661394
-170.0,12,14.676998
-174.0,12,14.676998
-36.0,12,14.692643
-186.0,12,14.692643
-190.0,12,14.708246
-122.0,12,14.708246
-156.0,12,14.732319
-224.0,12,14.747102
-162.0,12,14.753119
-136.0,12,14.768764
-240.0,12,14.784388
-132.0,12,14.784388
-36.0,12,14.799992
-240.0,12,14.799992
-240.0,12,14.815616
-154.0,12,14.815616
-48.0,12,14.83124
-192.0,12,14.846885
-38.0,12,14.846885
-62.0,12,14.86249
-166.0,12,14.86249
-94.0,12,14.878114
-120.0,12,14.878114
-70.0,12,14.893758
-46.0,12,14.909361
-104.0,12,14.909361
-168.0,12,14.924985
-106.0,12,14.940609
-44.0,12,14.950334
40.0,12,14.95943
-240.0,12,14.962461
-138.0,12,14.962461
-142.0,12,14.978108
-188.0,12,14.978108
-108.0,12,14.993734
-172.0,12,15.009356
-158.0,12,15.009356
-62.0,12,15.024981
-168.0,12,15.040582
-240.0,12,15.040582
-150.0,12,15.056228
-170.0,12,15.056228
-186.0,12,15.071831
-82.0,12,15.087476
-108.0,12,15.087476
-92.0,12,15.103081
-160.0,12,15.118724
-134.0,12,15.118724
-120.0,12,15.134328
-36.0,12,15.134328
-130.0,12,15.149973
-66.0,12,15.165575
-126.0,12,15.165575
-154.0,12,15.181199
-150.0,12,15.196847
-106.0,12,15.196847
-192.0,12,15.212449
-82.0,12,15.212449
-104.0,12,15.230363
-44.0,12,15.240232
-144.0,12,15.246012
-124.0,12,15.246012
-172.0,12,15.261638
-154.0,12,15.261638
-96.0,12,15.277261
-188.0,12,15.292885
-78.0,12,15.292885
-164.0,12,15.308509
26.0,12,15.308509
-226.0,12,15.324133
-124.0,12,15.324133
-240.0,12,15.339757
-168.0,12,15.355383
-230.0,12,15.355383
-104.0,12,15.371006
0.0,12,15.386629
-204.0,12,15.386629
-32.0,12,15.402256
32.0,12,15.402256
-148.0,12,15.417879
-124.0,12,15.417879
-118.0,12,15.433501
-210.0,12,15.449127
-182.0,12,15.449127
-120.0,12,15.464751
92.0,12,15.485314
-218.0,12,15.497259
-78.0,12,15.497259
-154.0,12,15.512884
-36.0,12,15.528508
-80.0,12,15.528508
-154.0,12,15.544132
-154.0,12,15.559756
-224.0,12,15.559756
-192.0,12,15.575401
-184.0,12,15.591025
-124.0,12,15.606629
-174.0,12,15.622274
-240.0,12,15.622274
-78.0,12,15.637877
-174.0,12,15.637877
-122.0,12,15.653503
72.0,12,15.653503
-72.0,12,15.669127
-232.0,12,15.68477
-110.0,12,15.68477
-122.0,12,15.700373
-240.0,12,15.718325
12.0,12,15.729384
-80.0,12,15.738473
-110.0,12,15.740488
-128.0,12,15.756115
-224.0,12,15.756115
-216.0,12,15.771758
-210.0,12,15.787382
-204.0,12,15.787382
50.0,12,15.802985
-240.0,12,15.802985
-108.0,12,15.81863
-44.0,12,15.81863
-208.0,12,15.834233
-190.0,12,15.849858
-92.0,12,15.849858
-138.0,12,15.865504
-190.0,12,15.881127
-80.0,12,15.881127
-218.0,12,15.896732
-50.0,12,15.912375
-136.0,12,15.927999
-46.0,12,15.943601
-224.0,12,15.943601
-68.0,12,15.959226
-168.0,12,15.959226
-240.0,12,15.974871
-78.0,12,15.974871
-216.0,12,15.990495
-206.0,12,15.990495
-74.0,12,16.014135
-194.0,12,16.024235
-170.0,12,16.025254
116.0,12,16.040879
-134.0,12,16.040879
-142.0,12,16.056524
-152.0,12,16.072128
-72.0,12,16.072128
-212.0,12,16.087752
-122.0,12,16.087752
-240.0,12,16.103377
-106.0,12,16.118999
-116.0,12,16.118999
-154.0,12,16.134644
-120.0,12,16.150248
-240.0,12,16.150248
-138.0,12,16.165871
-142.0,12,16.165871
-104.0,12,16.181516
-94.0,12,16.181516
32.0,12,16.197141
-190.0,12,16.212764
-84.0,12,16.232538
-198.0,12,16.243625
36.0,12,16.247637
-172.0,12,16.247637
-80.0,12,16.263263
-180.0,12,16.263263
-108.0,12,16.278887
-78.0,12,16.29451
-160.0,12,16.29451
-156.0,12,16.310154
-150.0,12,16.325759
-170.0,12,16.341382
-130.0,12,16.341382
-116.0,12,16.357027
-190.0,12,16.372651
-114.0,12,16.372651
-214.0,12,16.388255
-186.0,12,16.4039
-124.0,12,16.419502
-120.0,12,16.435148
-240.0,12,16.435148
-118.0,12,16.450752
-198.0,12,16.466375
-116.0,12,16.466375
-108.0,12,16.482
-70.0,12,16.497624
-46.0,12,16.497624
-24.0,12,16.513247
-14.0,12,16.513247
-206.0,12,16.533862
-132.0,12,16.545633
-240.0,12,16.546651
-26.0,12,16.562277
-108.0,12,16.577922
-32.0,12,16.577922
-62.0,12,16.593545
-162.0,12,16.60915
-164.0,12,16.624773
-190.0,12,16.624773
40.0,12,16.640397
-64.0,12,16.640397
-66.0,12,16.656023
-78.0,12,16.671675
-38.0,12,16.671675
-212.0,12,16.68729
-66.0,12,16.702893
-170.0,12,16.702893
-166.0,12,16.72974
-136.0,12,16.739832
-102.0,12,16.74087
-48.0,12,16.756497
-122.0,12,16.756497
-204.0,12,16.772141
-240.0,12,16.772141
-134.0,12,16.787745
-116.0,12,16.803369
-206.0,12,16.818992
-164.0,12,16.834641
-122.0,12,16.85024
-130.0,12,16.85024
-66.0,12,16.865886
-150.0,12,16.865886
-156.0,12,16.881488
-240.0,12,16.897114
-170.0,12,16.897114
-168.0,12,16.912759
-138.0,12,16.912759
-66.0,12,16.928361
-68.0,12,16.943985
-154.0,12,16.943985
20.0,12,16.95963
-152.0,12,16.95963
-202.0,12,16.975233
18.0,12,16.990857
-112.0,12,16.990857
-168.0,12,17.006503
-126.0,12,17.022127
-114.0,12,17.022127
-46.0,12,17.037751
-120.0,12,17.053355
-170.0,12,17.053355
-204.0,12,17.069497
-130.0,12,17.081152
-126.0,12,17.088152
-76.0,12,17.103797
-28.0,12,17.103797
-186.0,12,17.119403
-170.0,12,17.119403
-114.0,12,17.135027
-152.0,12,17.135027
-82.0,12,17.150651
-2.0,12,17.166294
-176.0,12,17.166294
-102.0,12,17.181919
-162.0,12,17.197552
-184.0,12,17.213145
-152.0,12,17.213145
36.0,12,17.236973
-74.0,12,17.245263
-164.0,12,17.247269
-170.0,12,17.247269
-176.0,12,17.262915
-90.0,12,17.27854
-100.0,12,17.27854
-46.0,12,17.294163
-114.0,12,17.309766
-192.0,12,17.309766
-90.0,12,17.325411
-146.0,12,17.325411
-82.0,12,17.341037
-138.0,12,17.341037
-202.0,12,17.356638
-206.0,12,17.356638
4.0,12,17.372284
-192.0,12,17.387908
-90.0,12,17.403511
-150.0,12,17.403511
-188.0,12,17.419135
-86.0,12,17.434759
-184.0,12,17.434759
-30.0,12,17.450385
-150.0,12,17.450385
-176.0,12,17.466029
-50.0,12,17.466029
-12.0,12,17.481653
-192.0,12,17.481653
-142.0,12,17.497256
-100.0,12,17.497256
-18.0,12,17.512901
-64.0,12,17.528505
-154.0,12,17.528505
-144.0,12,17.544129
-190.0,12,17.544129
-210.0,12,17.559753
-158.0,12,17.575397
-44.0,12,17.575397
70.0,12,17.601139
-240.0,12,17.609138
-112.0,12,17.609138
84.0,12,17.624764
20.0,12,17.624764
-58.0,12,17.640389
6.0,12,17.640389
-122.0,12,17.656033
-126.0,12,17.656033
-70.0,12,17.671637
-50.0,12,17.671637
-138.0,12,17.68728
-32.0,12,17.702904
-116.0,12,17.702904
-134.0,12,17.72684
-122.0,12,17.736963
-54.0,12,17.748127
-96.0,12,17.748127
-188.0,12,17.763752
-72.0,12,17.779375
-88.0,12,17.779375
-154.0,12,17.794999
-98.0,12,17.810646
-18.0,12,17.810646
-60.0,12,17.826248
-24.0,12,17.841893
-210.0,12,17.841893
-220.0,12,17.857497
-188.0,12,17.857497
-160.0,12,17.873142
-186.0,12,17.873142
-182.0,12,17.888765
-92.0,12,17.888765
-224.0,12,17.90439
-62.0,12,17.920014
-148.0,12,17.920014
-180.0,12,17.935638
-216.0,12,17.935638
-192.0,12,17.951262
-144.0,12,17.951262
-162.0,12,17.966864
-152.0,12,17.982518
26.0,12,17.982518
-104.0,12,17.998112
-90.0,12,17.998112
-170.0,12,18.013758
-156.0,12,18.013758
-240.0,12,18.029382
-126.0,12,18.029382
-116.0,12,18.045008
-164.0,12,18.045008
-106.0,12,18.060609
-58.0,12,18.060609
-50.0,12,18.076254
-160.0,12,18.076254
-200.0,12,18.091857
-190.0,12,18.107503
-142.0,12,18.107503
-150.0,12,18.123644
-70.0,12,18.141394
-18.0,12,18.15538
-120.0,12,18.170671
-240.0,12,18.184595
-132.0,12,18.190598
-188.0,12,18.190598
-140.0,12,18.206226
-40.0,12,18.206226
-64.0,12,18.231856
-60.0,12,18.24285
-124.0,12,18.247
-56.0,12,18.247
-70.0,12,18.262626
-214.0,12,18.262626
14.0,12,18.27825
-132.0,12,18.293895
-240.0,12,18.309497
64.0,12,18.309497
14.0,12,18.325121
14.0,12,18.325121
-122.0,12,18.340745
-144.0,12,18.340745
-52.0,12,18.356369
-72.0,12,18.372015
-90.0,12,18.372015
-140.0,12,18.387639
-156.0,12,18.387639
-176.0,12,18.403241
-202.0,12,18.418865
-50.0,12,18.418865
-4.0,12,18.434511
-122.0,12,18.434511
-208.0,12,18.450136
-56.0,12,18.450136
-122.0,12,18.46576
-182.0,12,18.46576
-138.0,12,18.481384
-166.0,12,18.481384
-68.0,12,18.497007
-178.0,12,18.497007
-186.0,12,18.512632
-114.0,12,18.512632
-150.0,12,18.528256
-152.0,12,18.528256
-198.0,12,18.54388
-130.0,12,18.559482
-182.0,12,18.559482
-2.0,12,18.575128
-160.0,12,18.575128
-176.0,12,18.590753
-102.0,12,18.590753
-44.0,12,18.606376
-224.0,12,18.606376
-204.0,12,18.622001
-36.0,12,18.622001
-60.0,12,18.637625
-112.0,12,18.637625
-186.0,12,18.662903
-112.0,12,18.672003
-20.0,12,18.687628
-148.0,12,18.687628
-176.0,12,18.708203
-74.0,12,18.721834
-122.0,12,18.735295
-2.0,12,18.748821
-56.0,12,18.764669
-38.0,12,18.778655
-68.0,12,18.788
-128.0,12,18.803626
-210.0,12,18.803626
-110.0,12,18.819249
-174.0,12,18.834798
42.0,12,18.837497
-130.0,12,18.837497
-190.0,12,18.853123
-126.0,12,18.868746
-148.0,12,18.884369
-210.0,12,18.899993
-108.0,12,18.899993
-82.0,12,18.915617
-46.0,12,18.931264
-240.0,12,18.946866
-160.0,12,18.962511
-128.0,12,18.962511
-134.0,12,18.978136
-36.0,12,18.978136
-162.0,12,18.99374
-148.0,12,18.99374
-150.0,12,19.009364
-166.0,12,19.009364
-240.0,12,19.024988
-122.0,12,19.040634
-190.0,12,19.040634
-240.0,12,19.056236
32.0,12,19.056236
56.0,12,19.071859
-166.0,12,19.071859
-194.0,12,19.087483
-202.0,12,19.103107
-56.0,12,19.103107
-52.0,12,19.118754
-154.0,12,19.134355
-44.0,12,19.134355
-206.0,12,19.149979
-206.0,12,19.149979
-126.0,12,19.165606
20.0,12,19.181835
-240.0,12,19.190851
-192.0,12,19.199996
-126.0,12,19.199996
32.0,12,19.215622
4.0,12,19.215622
-104.0,12,19.236183
-170.0,12,19.249553
-176.0,12,19.254613
-202.0,12,19.270266
-132.0,12,19.285883
-210.0,12,19.285883
-40.0,12,19.301485
-208.0,12,19.301485
-222.0,12,19.31711
-64.0,12,19.31711
-152.0,12,19.337727
-98.0,12,19.344598
-220.0,12,19.344598
-130.0,12,19.360224
-190.0,12,19.360224
-108.0,12,19.375848
-168.0,12,19.375848
-90.0,12,19.391473
-194.0,12,19.407116
-226.0,12,19.407116
-66.0,12,19.422741
-178.0,12,19.422741
-48.0,12,19.438345
-154.0,12,19.438345
-18.0,12,19.453968
-82.0,12,19.469613
-174.0,12,19.469613
-36.0,12,19.485217
24.0,12,19.500862
-78.0,12,19.516463
-158.0,12,19.532088
-240.0,12,19.532088
48.0,12,19.547733
-66.0,12,19.547733
-82.0,12,19.563337
-40.0,12,19.57896
-216.0,12,19.57896
-96.0,12,19.594584
-104.0,12,19.594584
-168.0,12,19.610208
-86.0,12,19.610208
-40.0,12,19.625832
-108.0,12,19.625832
-76.0,12,19.641456
-68.0,12,19.65708
-140.0,12,19.672706
-146.0,12,19.672706
-240.0,12,19.688329
-114.0,12,19.703954
-106.0,12,19.703954
-80.0,12,19.721954
-110.0,12,19.731699
-12.0,12,19.741847
-76.0,12,19.741847
-152.0,12,19.757493
-56.0,12,19.773097
-74.0,12,19.773097
-198.0,12,19.78872
-180.0,12,19.804344
-30.0,12,19.804344
-136.0,12,19.819969
-42.0,12,19.819969
-224.0,12,19.835593
-110.0,12,19.835593
-94.0,12,19.851218
-240.0,12,19.851218
-190.0,12,19.866842
-98.0,12,19.866842
-94.0,12,19.882466
-202.0,12,19.882466
-204.0,12,19.89809
-218.0,12,19.89809
-240.0,12,19.913714
12.0,12,19.929338
-76.0,12,19.929338
-126.0,12,19.944962
-182.0,12,19.960585
-98.0,12,19.960585
-194.0,12,19.976231
-240.0,12,19.991856
-216.0,12,20.007489
-92.0,12,20.007489
-202.0,12,20.023111
-96.0,12,20.038734
-42.0,12,20.054358
22.0,12,20.069976
-74.0,12,20.069976
-134.0,12,20.08558
-92.0,12,20.101204
-92.0,12,20.101204
-140.0,12,20.116828
-134.0,12,20.116828
-118.0,12,20.132472
-240.0,12,20.132472
-118.0,12,20.148097
30.0,12,20.148097
-74.0,12,20.163699
-240.0,12,20.163699
52.0,12,20.179323
-220.0,12,20.194968
-104.0,12,20.194968
-216.0,12,20.210572
-240.0,12,20.210572
-240.0,12,20.234502
-240.0,12,20.250717
-40.0,12,20.260804
-206.0,12,20.261813
-104.0,12,20.27746
-224.0,12,20.27746
-192.0,12,20.293083
-240.0,12,20.293083
16.0,12,20.308707
-216.0,12,20.324312
-114.0,12,20.324312
-212.0,12,20.339935
-22.0,12,20.355558
-70.0,12,20.355558
-206.0,12,20.371204
-102.0,12,20.386828
-162.0,12,20.386828
-54.0,12,20.402455
-216.0,12,20.418076
-90.0,12,20.433699
-46.0,12,20.450232
-178.0,12,20.456109
-34.0,12,20.471754
-134.0,12,20.471754
-54.0,12,20.487357
-60.0,12,20.502981
-128.0,12,20.502981
-62.0,12,20.518627
-156.0,12,20.518627
-50.0,12,20.534251
-204.0,12,20.534251
-128.0,12,20.549854
-146.0,12,20.549854
-94.0,12,20.56548
-172.0,12,20.581123
-188.0,12,20.581123
-158.0,12,20.596747
-172.0,12,20.596747
-186.0,12,20.612372
54.0,12,20.612372
-120.0,12,20.627995
52.0,12,20.627995
-168.0,12,20.64362
-88.0,12,20.659243
32.0,12,20.659243
-36.0,12,20.674848
-124.0,12,20.690473
-226.0,12,20.690473
-32.0,12,20.706096
-156.0,12,20.706096
-222.0,12,20.732002
-148.0,12,20.741163
-36.0,12,20.756788
-80.0,12,20.756788
-30.0,12,20.77966
-14.0,12,20.790814
-138.0,12,20.790814
-74.0,12,20.80646
-80.0,12,20.822064
-136.0,12,20.822064
-100.0,12,20.837709
-20.0,12,20.837709
-86.0,12,20.853333
-240.0,12,20.868937
-30.0,12,20.868937
-172.0,12,20.884581
-106.0,12,20.884581
-222.0,12,20.900206
-128.0,12,20.915829
-146.0,12,20.931432
-16.0,12,20.931432
-206.0,12,20.947078
-98.0,12,20.947078
-60.0,12,20.962683
-128.0,12,20.978339
-10.0,12,20.978339
-138.0,12,20.99395
-240.0,12,20.99395
-20.0,12,21.009574
-150.0,12,21.009574
-116.0,12,21.025177
-66.0,12,21.040822
-162.0,12,21.040822
-24.0,12,21.056446
-180.0,12,21.07207
-24.0,12,21.07207
-128.0,12,21.087675
-182.0,12,21.087675
-88.0,12,21.103299
-172.0,12,21.118942
-132.0,12,21.118942
-186.0,12,21.134546
-126.0,12,21.134546
-50.0,12,21.150191
-172.0,12,21.165795
-188.0,12,21.165795
-154.0,12,21.181439
-76.0,12,21.197043
100.0,12,21.212687
-82.0,12,21.230728
-102.0,12,21.245324
-122.0,12,21.248331
-14.0,12,21.263978
-240.0,12,21.263978
112.0,12,21.279582
-126.0,12,21.295227
-30.0,12,21.295227
-124.0,12,21.320514
-84.0,12,21.330647
-138.0,12,21.332668
-96.0,12,21.348294
-202.0,12,21.348294
-76.0,12,21.363919
-186.0,12,21.363919
-96.0,12,21.379542
-8.0,12,21.395167
-240.0,12,21.395167
-88.0,12,21.410789
-106.0,12,21.424822
-120.0,12,21.428653
-68.0,12,21.444299
-114.0,12,21.459923
-120.0,12,21.475526
-90.0,12,21.475526
-156.0,12,21.491171
28.0,12,21.506796
-122.0,12,21.52242
-176.0,12,21.538024
-206.0,12,21.538024
-92.0,12,21.553649
-240.0,12,21.569272
-158.0,12,21.569272
-240.0,12,21.584895
-60.0,12,21.584895
-140.0,12,21.600521
-78.0,12,21.600521
-228.0,12,21.616155
-136.0,12,21.631769
-136.0,12,21.631769
-94.0,12,21.647392
4.0,12,21.647392
-210.0,12,21.663015
-86.0,12,21.663015
-156.0,12,21.678642
-96.0,12,21.678642
-122.0,12,21.694265
-156.0,12,21.709888
24.0,12,21.709888
-182.0,12,21.73634
-132.0,12,21.744396
-70.0,12,21.749409
-66.0,12,21.749409
-62.0,12,21.765035
-210.0,12,21.765035
-78.0,12,21.78066
-126.0,12,21.796284
-120.0,12,21.811907
-150.0,12,21.811907
-6.0,12,21.827531
-166.0,12,21.827531
-66.0,12,21.848434
-82.0,12,21.859545
-138.0,12,21.859545
20.0,12,21.8752
-176.0,12,21.890816
-206.0,12,21.90644
-32.0,12,21.90644
-124.0,12,21.922043
-240.0,12,21.922043
-88.0,12,21.937667
-188.0,12,21.953314
-18.0,12,21.953314
-190.0,12,21.968936
-180.0,12,21.968936
-94.0,12,21.984539
-154.0,12,21.984539
-184.0,12,22.000184
-76.0,12,22.000184
-152.0,12,22.015809
-110.0,12,22.031432
32.0,12,22.031432
-240.0,12,22.047035
-178.0,12,22.047035
-216.0,12,22.06268
-90.0,12,22.078284
-208.0,12,22.093932
-124.0,12,22.093932
46.0,12,22.109531
-136.0,12,22.109531
-26.0,12,22.125158
-170.0,12,22.125158
-84.0,12,22.1408
-160.0,12,22.156404
-108.0,12,22.172028
-180.0,12,22.172028
-204.0,12,22.187652
-102.0,12,22.203278
-212.0,12,22.203278
-28.0,12,22.230547
-18.0,12,22.240646
-182.0,12,22.242661
-142.0,12,22.242661
-206.0,12,22.258287
-190.0,12,22.273911
-30.0,12,22.273911
22.0,12,22.289555
20.0,12,22.289555
-144.0,12,22.30518
-22.0,12,22.320782
-160.0,12,22.320782
-208.0,12,22.336406
-92.0,12,22.352031
-90.0,12,22.352031
-150.0,12,22.368196
-184.0,12,22.382518
-196.0,12,22.387538
-194.0,12,22.387538
-124.0,12,22.403185
-152.0,12,22.403185
-94.0,12,22.418809
-98.0,12,22.418809
-146.0,12,22.434433
2.0,12,22.450056
-82.0,12,22.450056
-204.0,12,22.465681
-148.0,12,22.465681
-176.0,12,22.481305
-36.0,12,22.481305
-114.0,12,22.496907
-140.0,12,22.512553
-114.0,12,22.512553
-58.0,12,22.528155
108.0,12,22.543779
-98.0,12,22.543779
-218.0,12,22.559425
70.0,12,22.559425
-88.0,12,22.575028
-80.0,12,22.575028
-98.0,12,22.590673
-184.0,12,22.590673
-188.0,12,22.606298
-220.0,12,22.606298
-158.0,12,22.621921
26.0,12,22.621921
-194.0,12,22.637525
-178.0,12,22.637525
-116.0,12,22.653169
-30.0,12,22.668772
-206.0,12,22.668772
-176.0,12,22.684396
-168.0,12,22.700021
-102.0,12,22.700021
-30.0,12,22.715665
-126.0,12,22.715665
-178.0,12,22.735647
-18.0,12,22.746723
-12.0,12,22.749737
22.0,12,22.749737
-92.0,12,22.765363
-2.0,12,22.765363
-182.0,12,22.780988
-150.0,12,22.796611
-192.0,12,22.796611
-240.0,12,22.812255
14.0,12,22.827879
-102.0,12,22.827879
-152.0,12,22.843482
-102.0,12,22.843482
-68.0,12,22.859136
-114.0,12,22.874731
-56.0,12,22.874731
-54.0,12,22.898424
24.0,12,22.907525
-120.0,12,22.908533
-46.0,12,22.92418
-152.0,12,22.92418
-98.0,12,22.939782
-204.0,12,22.939782
-204.0,12,22.955406
-134.0,12,22.955406
-240.0,12,22.971032
-240.0,12,22.971032
-240.0,12,22.986675
-168.0,12,22.986675
-170.0,12,23.002301
-180.0,12,23.002301
-160.0,12,23.017902
10.0,12,23.033527
10.0,12,23.033527
-118.0,12,23.049171
-196.0,12,23.064775
-72.0,12,23.064775
24.0,12,23.080399
-206.0,12,23.080399
-92.0,12,23.096023
-240.0,12,23.096023
-78.0,12,23.111647
-128.0,12,23.111647
-174.0,12,23.127271
-164.0,12,23.127271
-34.0,12,23.142917
-56.0,12,23.15852
-162.0,12,23.174145
-34.0,12,23.189788
-140.0,12,23.189788
-158.0,12,23.205391
-118.0,12,23.223967
-112.0,12,23.239061
-144.0,12,23.243088
-156.0,12,23.258714
-100.0,12,23.274359
-60.0,12,23.274359
-28.0,12,23.289961
-146.0,12,23.289961
-108.0,12,23.305585
-144.0,12,23.305585
-240.0,12,23.32123
-116.0,12,23.336855
-52.0,12,23.336855
-174.0,12,23.35246
-90.0,12,23.35246
-54.0,12,23.368082
-206.0,12,23.368082
-142.0,12,23.383727
-50.0,12,23.399351
-240.0,12,23.399351
-192.0,12,23.414975
-202.0,12,23.43111
-146.0,12,23.446361
-170.0,12,23.451366
-120.0,12,23.451366
-122.0,12,23.466992
-94.0,12,23.482615
-88.0,12,23.482615
-190.0,12,23.49824
-146.0,12,23.513884
-150.0,12,23.513884
-178.0,12,23.529487
-216.0,12,23.529487
-56.0,12,23.545133
-118.0,12,23.560757
-218.0,12,23.560757
-188.0,12,23.576361
-170.0,12,23.591983
88.0,12,23.607607
-240.0,12,23.607607
-28.0,12,23.623234
-210.0,12,23.623234
-204.0,12,23.638857
-170.0,12,23.654501
-82.0,12,23.654501
-116.0,12,23.670104
-208.0,12,23.685728
-106.0,12,23.701352
-50.0,12,23.701352
-220.0,12,23.716979
-186.0,12,23.716979
-124.0,12,23.735097
-164.0,12,23.747067
-74.0,12,23.756031
-240.0,12,23.757047
-106.0,12,23.757047
-102.0,12,23.772674
-140.0,12,23.788296
-96.0,12,23.803922
-188.0,12,23.819546
-126.0,12,23.819546
-188.0,12,23.83519
-168.0,12,23.83519
-6.0,12,23.850814
-154.0,12,23.850814
-240.0,12,23.866419
-138.0,12,23.882062
-82.0,12,23.882062
138.0,12,23.897666
10.0,12,23.897666
-220.0,12,23.913289
-110.0,12,23.928913
-184.0,12,23.928913
-156.0,12,23.944537
-64.0,12,23.944537
-178.0,12,23.960778
-132.0,12,23.972349
24.0,12,23.978345
-44.0,12,23.978345
-226.0,12,23.993994
-140.0,12,23.993994
-176.0,12,24.009595
-52.0,12,24.02524
-202.0,12,24.02524
-190.0,12,24.040843
-140.0,12,24.040843
-50.0,12,24.056488
-204.0,12,24.056488
-188.0,12,24.072111
28.0,12,24.087736
-56.0,12,24.087736
-144.0,12,24.103339
4.0,12,24.103339
-240.0,12,24.118984
-168.0,12,24.118984
-88.0,12,24.134608
-188.0,12,24.134608
-102.0,12,24.150232
-158.0,12,24.150232
-98.0,12,24.165836
-136.0,12,24.165836
-36.0,12,24.181481
-124.0,12,24.197105
-220.0,12,24.197105
-36.0,12,24.212729
-6.0,12,24.212729
-110.0,12,24.230437
-142.0,12,24.240139
56.0,12,24.249306
-52.0,12,24.249306
-54.0,12,24.264952
-116.0,12,24.264952
-178.0,12,24.280576
-142.0,12,24.280576
-74.0,12,24.296201
-184.0,12,24.311824
-90.0,12,24.311824
-112.0,12,24.327449
-202.0,12,24.327449
-186.0,12,24.343054
-166.0,12,24.343054
-156.0,12,24.358678
-156.0,12,24.374301
-166.0,12,24.389945
-206.0,12,24.389945
-186.0,12,24.405548
2.0,12,24.421193
-56.0,12,24.436817
-104.0,12,24.436817
-16.0,12,24.452441
-88.0,12,24.468067
22.0,12,24.468067
-116.0,12,24.485188
-178.0,12,24.495314
-126.0,12,24.499208
-218.0,12,24.499208
-144.0,12,24.514835
-192.0,12,24.530459
-240.0,12,24.530459
-108.0,12,24.546082
-68.0,12,24.546082
-172.0,12,24.561706
-156.0,12,24.561706
-164.0,12,24.57735
-190.0,12,24.57735
-16.0,12,24.592975
-178.0,12,24.608579
-140.0,12,24.624202
-206.0,12,24.624202
-222.0,12,24.639846
-78.0,12,24.655449
-6.0,12,24.671095
-220.0,12,24.686699
-126.0,12,24.686699
-56.0,12,24.702344
-240.0,12,24.717946
24.0,12,24.728492
-80.0,12,24.742443
-154.0,12,24.742443
-48.0,12,24.758091
-178.0,12,24.773692
-128.0,12,24.773692
-220.0,12,24.789318
-112.0,12,24.804942
-90.0,12,24.804942
-174.0,12,24.820585
20.0,12,24.820585
-190.0,12,24.836189
-188.0,12,24.836189
-32.0,12,24.851815
-34.0,12,24.851815
-190.0,12,24.867437
-68.0,12,24.883082
-188.0,12,24.883082
-166.0,12,24.898706
-50.0,12,24.898706
-240.0,12,24.914311
-170.0,12,24.914311
-116.0,12,24.929901
-4.0,12,24.944358
-154.0,12,24.992469
-96.0,12,24.99929
114.0,12,25.013977
-240.0,12,25.024124
-240.0,12,25.035088
-212.0,12,25.041822
-158.0,12,25.062666
-218.0,12,25.071716
-70.0,12,25.079771
-174.0,12,25.098533
-156.0,12,25.111452
-108.0,12,25.111452
-50.0,12,25.132351
-84.0,12,25.139139
-164.0,12,25.16001
-122.0,12,25.166997
-84.0,12,25.182643
-134.0,12,25.201557
-188.0,12,25.201702
36.0,12,25.222365
-240.0,12,25.22953
-78.0,12,25.249848
-156.0,12,25.25716
-66.0,12,25.272786
-54.0,12,25.285078
-50.0,12,25.292002
-124.0,12,25.305905
-126.0,12,25.321529
-202.0,12,25.339798
-160.0,12,25.347502
50.0,12,25.363128
-128.0,12,25.378751
-62.0,12,25.378751
-120.0,12,25.394376
-50.0,12,25.41
-240.0,12,25.425624
-176.0,12,25.441248
-192.0,12,25.441248
-130.0,12,25.456873
-122.0,12,25.472496
-46.0,12,25.48812
-100.0,12,25.503744
-92.0,12,25.519368
-202.0,12,25.519368
-170.0,12,25.541903
-184.0,12,25.557528
-180.0,12,25.557528
-60.0,12,25.573153
-228.0,12,25.588798
2.0,12,25.604402
-30.0,12,25.604402
-170.0,12,25.620026
-60.0,12,25.635677
-178.0,12,25.651274
-104.0,12,25.651274
-156.0,12,25.666897
40.0,12,25.68252
-70.0,12,25.698173
-98.0,12,25.71377
-172.0,12,25.731312
-132.0,12,25.731312
-146.0,12,25.746959
30.0,12,25.762563
-90.0,12,25.778187
-156.0,12,25.778187
-206.0,12,25.798658
-168.0,12,25.819439
-208.0,12,25.833113
-130.0,12,25.844182
-240.0,12,25.856894
-192.0,12,25.861901
-130.0,12,25.861901
-222.0,12,25.877527
-174.0,12,25.877527
-20.0,12,25.893151
-152.0,12,25.893151
-176.0,12,25.908796
-208.0,12,25.924419
-240.0,12,25.924419
-240.0,12,25.940042
-66.0,12,25.940042
-126.0,12,25.955667
-118.0,12,25.955667
-186.0,12,25.971291
-164.0,12,25.971291
-70.0,12,25.986918
-40.0,12,25.986918
-178.0,12,26.00254
-132.0,12,26.018165
-126.0,12,26.018165
-64.0,12,26.033767
-100.0,12,26.033767
-20.0,12,26.049412
-34.0,12,26.065015
-104.0,12,26.065015
22.0,12,26.092075
-80.0,12,26.098078
-158.0,12,26.113703
-102.0,12,26.129347
-174.0,12,26.129347
-142.0,12,26.144952
-204.0,12,26.144952
-60.0,12,26.160574
-128.0,12,26.160574
-106.0,12,26.17622
-30.0,12,26.17622
-240.0,12,26.191844
-148.0,12,26.191844
-114.0,12,26.207468
-240.0,12,26.223354
-218.0,12,26.235976
-104.0,12,26.243976
-222.0,12,26.243976
-36.0,12,26.259601
94.0,12,26.259601
-154.0,12,26.275226
-144.0,12,26.275226
-150.0,12,26.290869
-134.0,12,26.290869
-14.0,12,26.306494
-240.0,12,26.306494
-100.0,12,26.322117
-180.0,12,26.322117
-214.0,12,26.337741
-162.0,12,26.353365
-194.0,12,26.353365
-226.0,12,26.36897
-190.0,12,26.36897
-188.0,12,26.384594
-200.0,12,26.384594
-186.0,12,26.400238
-102.0,12,26.400238
-114.0,12,26.415862
0.0,12,26.415862
-154.0,12,26.431486
-184.0,12,26.44711
-46.0,12,26.44711
-102.0,12,26.462713
-30.0,12,26.462713
-10.0,12,26.478358
-82.0,12,26.493963
-154.0,12,26.493963
-156.0,12,26.509587
-168.0,12,26.509587
-240.0,12,26.525209
-190.0,12,26.540834
-102.0,12,26.540834
-176.0,12,26.556457
-88.0,12,26.572084
-188.0,12,26.572084
-78.0,12,26.587708
-208.0,12,26.60374
-162.0,12,26.61191
-94.0,12,26.621971
-118.0,12,26.632013
-190.0,12,26.632013
-180.0,12,26.647658
-30.0,12,26.663291
-138.0,12,26.678907
-226.0,12,26.694511
-176.0,12,26.710136
-178.0,12,26.710136
6.0,12,26.72805
-94.0,12,26.737131
-152.0,12,26.744129
-158.0,12,26.759775
-28.0,12,26.759775
-76.0,12,26.775381
-140.0,12,26.791002
-72.0,12,26.791002
-104.0,12,26.806629
-204.0,12,26.806629
-120.0,12,26.822252
-120.0,12,26.837899
-202.0,12,26.837899
-168.0,12,26.853499
-86.0,12,26.853499
18.0,12,26.869143
-82.0,12,26.869143
-240.0,12,26.884768
-10.0,12,26.884768
-134.0,12,26.900373
-240.0,12,26.900373
-154.0,12,26.915997
-94.0,12,26.93162
-218.0,12,26.93162
-142.0,12,26.947245
-228.0,12,26.947245
-146.0,12,26.962868
-154.0,12,26.962868
-42.0,12,26.978493
-210.0,12,26.978493
-178.0,12,26.994116
-60.0,12,27.009761
-122.0,12,27.009761
-148.0,12,27.025364
-116.0,12,27.025364
-6.0,12,27.040988
-84.0,12,27.056633
68.0,12,27.056633
-240.0,12,27.072236
-78.0,12,27.072236
-28.0,12,27.087881
-166.0,12,27.087881
-100.0,12,27.103484
12.0,12,27.119129
-208.0,12,27.139913
-98.0,12,27.148988
-210.0,12,27.154
-28.0,12,27.154
-102.0,12,27.169626
36.0,12,27.169626
-162.0,12,27.185249
-112.0,12,27.185249
-132.0,12,27.200896
-56.0,12,27.216518
-124.0,12,27.216518
-140.0,12,27.232395
-76.0,12,27.245204
-128.0,12,27.258206
-190.0,12,27.258206
-106.0,12,27.273832
-2.0,12,27.273832
-162.0,12,27.289457
-100.0,12,27.305081
-208.0,12,27.305081
-226.0,12,27.320725
-128.0,12,27.336349
-100.0,12,27.351951
-134.0,12,27.367577
-86.0,12,27.367577
-194.0,12,27.383201
-38.0,12,27.398824
-88.0,12,27.398824
-86.0,12,27.41447
-124.0,12,27.430094
-64.0,12,27.430094
-162.0,12,27.445717
-124.0,12,27.445717
-128.0,12,27.461342
-204.0,12,27.461342
-98.0,12,27.476944
-172.0,12,27.476944
-154.0,12,27.492568
-110.0,12,27.508193
8.0,12,27.508193
-124.0,12,27.523817
-136.0,12,27.539462
-64.0,12,27.555085
-126.0,12,27.555085
-110.0,12,27.570709
-102.0,12,27.570709
-96.0,12,27.586334
-116.0,12,27.586334
-44.0,12,27.601937
-176.0,12,27.617561
-160.0,12,27.617561
-184.0,12,27.633187
-98.0,12,27.633187
-102.0,12,27.648812
-188.0,12,27.666996
-136.0,12,27.68029
-172.0,12,27.682282
2.0,12,27.682282
-170.0,12,27.697908
-88.0,12,27.713532
-192.0,12,27.713532
152.0,12,27.731548
-176.0,12,27.742263
-28.0,12,27.750408
-160.0,12,27.751422
44.0,12,27.767069
-48.0,12,27.767069
-144.0,12,27.782692
-90.0,12,27.782692
-206.0,12,27.798316
-66.0,12,27.798316
-122.0,12,27.813919
-144.0,12,27.829565
88.0,12,27.829565
-186.0,12,27.845189
-170.0,12,27.845189
-70.0,12,27.860813
-70.0,12,27.860813
-142.0,12,27.876436
40.0,12,27.876436
-170.0,12,27.892061
-168.0,12,27.907685
-62.0,12,27.923309
-156.0,12,27.923309
-12.0,12,27.938934
-168.0,12,27.938934
-98.0,12,27.954558
-72.0,12,27.970183
-152.0,12,27.970183
-170.0,12,27.985784
-240.0,12,27.985784
-118.0,12,28.001409
-116.0,12,28.017032
-130.0,12,28.017032
-106.0,12,28.032656
48.0,12,28.04828
-114.0,12,28.063926
-194.0,12,28.063926
-240.0,12,28.079529
-82.0,12,28.095174
-44.0,12,28.110799
-90.0,12,28.110799
-90.0,12,28.126401
-106.0,12,28.126401
-144.0,12,28.142026
-172.0,12,28.157649
122.0,12,28.173275
-204.0,12,28.173275
-240.0,12,28.188897
-54.0,12,28.210696
-184.0,12,28.219824
-194.0,12,28.223854
-72.0,12,28.223854
74.0,12,28.246381
-134.0,12,28.255538
-168.0,12,28.257271
-130.0,12,28.257271
-180.0,12,28.272898
-218.0,12,28.28852
-76.0,12,28.28852
-72.0,12,28.304165
-160.0,12,28.304165
-186.0,12,28.319767
-130.0,12,28.319767
-156.0,12,28.335413
-174.0,12,28.335413
-224.0,12,28.351016
-116.0,12,28.366665
-82.0,12,28.382267
-150.0,12,28.382267
-138.0,12,28.39791
-138.0,12,28.39791
-52.0,12,28.413534
-54.0,12,28.413534
-106.0,12,28.429137
-230.0,12,28.444782
6.0,12,28.444782
-66.0,12,28.460407
-56.0,12,28.460407
-120.0,12,28.47603
-124.0,12,28.491663
-38.0,12,28.491663
-124.0,12,28.507287
-116.0,12,28.522883
-178.0,12,28.522883
-162.0,12,28.538527
-120.0,12,28.554129
-190.0,12,28.554129
-162.0,12,28.569755
-156.0,12,28.569755
-42.0,12,28.585377
-152.0,12,28.60103
-56.0,12,28.60103
-190.0,12,28.616626
-240.0,12,28.616626
-88.0,12,28.63225
-50.0,12,28.63225
-196.0,12,28.647897
-142.0,12,28.647897
-150.0,12,28.66352
-192.0,12,28.66352
-118.0,12,28.679147
-164.0,12,28.679147
-134.0,12,28.694747
-114.0,12,28.710392
22.0,12,28.728309
-202.0,12,28.741777
-136.0,12,28.750792
-168.0,12,28.766445
-124.0,12,28.766445
-86.0,12,28.782041
-118.0,12,28.782041
-142.0,12,28.797665
-54.0,12,28.81329
-118.0,12,28.81329
-62.0,12,28.828913
-240.0,12,28.844561
-156.0,12,28.844561
-72.0,12,28.860161
-94.0,12,28.860161
-68.0,12,28.875786
-72.0,12,28.875786
-134.0,12,28.891433
-148.0,12,28.891433
-68.0,12,28.907033
-210.0,12,28.922678
-12.0,12,28.922678
-158.0,12,28.938282
-140.0,12,28.938282
-30.0,12,28.953926
-240.0,12,28.953926
-18.0,12,28.96953
-206.0,12,28.96953
-98.0,12,28.985154
-122.0,12,29.00078
44.0,12,29.00078
-156.0,12,29.016423
62.0,12,29.032047
-118.0,12,29.032047
-108.0,12,29.04765
-200.0,12,29.063275
-172.0,12,29.063275
-154.0,12,29.07892
-148.0,12,29.07892
-184.0,12,29.094524
-84.0,12,29.094524
-202.0,12,29.11017
-170.0,12,29.11017
4.0,12,29.125771
-214.0,12,29.141397
-170.0,12,29.141397
-192.0,12,29.157021
-164.0,12,29.157021
-188.0,12,29.172645
-36.0,12,29.172645
-144.0,12,29.188269
-52.0,12,29.188269
84.0,12,29.203893
-172.0,12,29.203893
-132.0,12,29.226887
-88.0,12,29.235977
-194.0,12,29.237994
-178.0,12,29.254195
-106.0,12,29.267725
-240.0,12,29.272731
-140.0,12,29.272731
-146.0,12,29.288358
-144.0,12,29.303981
-150.0,12,29.319605
-204.0,12,29.319605
-74.0,12,29.33523
14.0,12,29.350853
-170.0,12,29.350853
-210.0,12,29.366498
-36.0,12,29.366498
-102.0,12,29.382122
-36.0,12,29.397727
-110.0,12,29.397727
-240.0,12,29.413351
-204.0,12,29.413351
-204.0,12,29.428975
8.0,12,29.428975
22.0,12,29.444599
-86.0,12,29.444599
-64.0,12,29.460223
-104.0,12,29.475846
-58.0,12,29.49147
-136.0,12,29.507093
-76.0,12,29.522718
-108.0,12,29.522718
-134.0,12,29.538341
-108.0,12,29.538341
-90.0,12,29.553987
-106.0,12,29.569592
-186.0,12,29.569592
54.0,12,29.585216
50.0,12,29.600838
-188.0,12,29.600838
-142.0,12,29.616484
-32.0,12,29.632117
-64.0,12,29.632117
-92.0,12,29.647711
-24.0,12,29.663356
-134.0,12,29.663356
-240.0,12,29.678959
-86.0,12,29.678959
-240.0,12,29.694585
-240.0,12,29.710207
-136.0,12,29.710207
-212.0,12,29.72816
-24.0,12,29.740226
-130.0,12,29.745233
-188.0,12,29.745233
-28.0,12,29.760881
-178.0,12,29.776511
-30.0,12,29.792395
-116.0,12,29.800392
-138.0,12,29.817536
-86.0,12,29.820537
-178.0,12,29.836184
-96.0,12,29.836184
-196.0,12,29.851786
-118.0,12,29.86741
-190.0,12,29.883034
-240.0,12,29.883034
-206.0,12,29.898679
-118.0,12,29.898679
-16.0,12,29.914283
-152.0,12,29.914283
-158.0,12,29.929929
-34.0,12,29.929929
-68.0,12,29.945531
-184.0,12,29.961176
-158.0,12,29.961176
-190.0,12,29.976801
-92.0,12,29.976801
-186.0,12,29.992404
-178.0,12,29.992404
16.0,12,30.008027
-78.0,12,30.008027
-212.0,12,30.023651
-168.0,12,30.039276
-122.0,12,30.054899
-120.0,12,30.054899
-94.0,12,30.070523
-130.0,12,30.086147
102.0,12,30.101772
-114.0,12,30.117417
-110.0,12,30.117417
-76.0,12,30.133021
-112.0,12,30.148665
-78.0,12,30.164289
-174.0,12,30.179892
-76.0,12,30.179892
-150.0,12,30.195516
-34.0,12,30.211143
-126.0,12,30.211143
-166.0,12,30.237312
62.0,12,30.247236
-150.0,12,30.251235
-172.0,12,30.26688
118.0,12,30.26688
-152.0,12,30.282484
-152.0,12,30.298131
-60.0,12,30.314336
-28.0,12,30.324535
-154.0,12,30.332632
-26.0,12,30.334643
-112.0,12,30.334643
-142.0,12,30.350289
-120.0,12,30.365893
-60.0,12,30.365893
-158.0,12,30.381518
-54.0,12,30.397142
-52.0,12,30.397142
-118.0,12,30.412766
-138.0,12,30.412766
-190.0,12,30.428391
-172.0,12,30.444034
-10.0,12,30.444034
-98.0,12,30.459636
-150.0,12,30.475281
-152.0,12,30.490884
-84.0,12,30.506531
-122.0,12,30.506531
-206.0,12,30.522133
-84.0,12,30.522133
-240.0,12,30.537757
-184.0,12,30.537757
-16.0,12,30.553403
-164.0,12,30.553403
-118.0,12,30.569027
-110.0,12,30.58463
-38.0,12,30.58463
-240.0,12,30.600276
-104.0,12,30.600276
-52.0,12,30.615902
-216.0,12,30.615902
-194.0,12,30.631502
-102.0,12,30.647127
-240.0,12,30.662751
-108.0,12,30.662751
-120.0,12,30.678376
10.0,12,30.693998
-72.0,12,30.693998
-160.0,12,30.709623
-240.0,12,30.72754
-76.0,12,30.740505
-190.0,12,30.745519
-50.0,12,30.745519
-140.0,12,30.761147
10.0,12,30.776768
-152.0,12,30.792392
-34.0,12,30.808017
-204.0,12,30.808017
-188.0,12,30.823643
78.0,12,30.839265
-154.0,12,30.856145
-122.0,12,30.869285
-172.0,12,30.879396
-154.0,12,30.884399
-28.0,12,30.900026
-72.0,12,30.900026
-174.0,12,30.915648
-32.0,12,30.931273
-38.0,12,30.946897
-42.0,12,30.946897
-138.0,12,30.96252
-136.0,12,30.978166
-190.0,12,30.993771
-56.0,12,30.993771
-176.0,12,31.009393
-172.0,12,31.02502
-110.0,12,31.02502
-204.0,12,31.040644
-176.0,12,31.056267
60.0,12,31.071889
-120.0,12,31.071889
-200.0,12,31.087514
-168.0,12,31.103138
-96.0,12,31.103138
34.0,12,31.118762
-110.0,12,31.134386
-66.0,12,31.15001
-76.0,12,31.15001
-24.0,12,31.165634
-94.0,12,31.181261
-30.0,12,31.181261
-142.0,12,31.196885
-90.0,12,31.196885
-240.0,12,31.212509
-162.0,12,31.231622
-222.0,12,31.24347
-132.0,12,31.252685
-32.0,12,31.268312
-166.0,12,31.283934
-142.0,12,31.283934
-108.0,12,31.299582
8.0,12,31.315185
-42.0,12,31.330806
-176.0,12,31.34643
-128.0,12,31.362058
-58.0,12,31.362058
-144.0,12,31.388397
-150.0,12,31.398551
-146.0,12,31.414177
-54.0,12,31.414177
-28.0,12,31.429801
-16.0,12,31.429801
-144.0,12,31.445425
-196.0,12,31.461051
-166.0,12,31.476675
-138.0,12,31.492296
-62.0,12,31.492296
-144.0,12,31.507942
-240.0,12,31.523546
-136.0,12,31.53917
-114.0,12,31.554793
-170.0,12,31.554793
-154.0,12,31.570416
16.0,12,31.586043
-158.0,12,31.601666
-140.0,12,31.617289
-186.0,12,31.617289
18.0,12,31.632913
-162.0,12,31.648537
-194.0,12,31.648537
-40.0,12,31.664162
-100.0,12,31.679786
-34.0,12,31.679786
-176.0,12,31.69541
-28.0,12,31.703493
-178.0,12,31.713497
-8.0,12,31.713497
-180.0,12,31.739638
-162.0,12,31.748811
-184.0,12,31.752824
-92.0,12,31.768449
-112.0,12,31.768449
-156.0,12,31.784073
-146.0,12,31.799697
-188.0,12,31.799697
-216.0,12,31.815321
-98.0,12,31.830946
-22.0,12,31.846569
-104.0,12,31.862194
-178.0,12,31.877817
-204.0,12,31.893442
-132.0,12,31.893442
-150.0,12,31.912364
-68.0,12,31.92636
-192.0,12,31.941986
-140.0,12,31.941986
-62.0,12,31.957609
-134.0,12,31.973236
-130.0,12,31.98886
-158.0,12,31.98886
-62.0,12,32.004482
-42.0,12,32.020108
-192.0,12,32.03573
-122.0,12,32.03573
-114.0,12,32.051354
-88.0,12,32.066979
-126.0,12,32.066979
-12.0,12,32.082603
-16.0,12,32.082603
-210.0,12,32.098227
-140.0,12,32.098227
-92.0,12,32.113872
-114.0,12,32.113872
-18.0,12,32.129476
-196.0,12,32.145101
-240.0,12,32.160724
-16.0,12,32.160724
32.0,12,32.176347
-222.0,12,32.191971
-114.0,12,32.207597
-186.0,12,32.207597
-44.0,12,32.2315
-124.0,12,32.24797
-240.0,12,32.252974
46.0,12,32.268601
2.0,12,32.284225
-152.0,12,32.299847
-70.0,12,32.299847
-98.0,12,32.315471
-60.0,12,32.331097
-118.0,12,32.331097
-120.0,12,32.34672
-66.0,12,32.362346
-132.0,12,32.377968
-220.0,12,32.377968
-64.0,12,32.393592
-226.0,12,32.409216
-170.0,12,32.424841
-56.0,12,32.441035
-148.0,12,32.457487
-200.0,12,32.4615
-66.0,12,32.477127
-124.0,12,32.477127
-204.0,12,32.492749
-176.0,12,32.492749
-206.0,12,32.508376
-66.0,12,32.523999
-206.0,12,32.539622
-108.0,12,32.539622
-74.0,12,32.555247
-32.0,12,32.570869
-124.0,12,32.586496
-224.0,12,32.602118
-80.0,12,32.602118
-216.0,12,32.617743
76.0,12,32.617743
-234.0,12,32.633368
-160.0,12,32.64899
-130.0,12,32.664614
-106.0,12,32.664614
-104.0,12,32.680241
-170.0,12,32.695864
-104.0,12,32.711487
-56.0,12,32.711487
-100.0,12,32.737541
-220.0,12,32.750121
-130.0,12,32.753141
-190.0,12,32.76877
-52.0,12,32.76877
-38.0,12,32.78439
-76.0,12,32.800018
-204.0,12,32.815639
-126.0,12,32.815639
-18.0,12,32.831263
-20.0,12,32.846887
-68.0,12,32.846887
-136.0,12,32.862512
-240.0,12,32.878134
-28.0,12,32.893759
-118.0,12,32.909384
-198.0,12,32.925008
-186.0,12,32.940632
-152.0,12,32.956256
-2.0,12,32.981892
-226.0,12,32.989892
-16.0,12,33.005516
-86.0,12,33.02114
-10.0,12,33.036764
-190.0,12,33.05239
-56.0,12,33.05239
-148.0,12,33.068012
-58.0,12,33.083637
72.0,12,33.099261
-152.0,12,33.114884
-118.0,12,33.13051
-46.0,12,33.13051
-158.0,12,33.146134
-42.0,12,33.161757
-158.0,12,33.177381
-138.0,12,33.193006
-240.0,12,33.20863
-164.0,12,33.20863
-122.0,12,33.227525
-188.0,12,33.242353
-204.0,12,33.246366
-180.0,12,33.261992
-240.0,12,33.277615
-116.0,12,33.277615
-72.0,12,33.29324
-118.0,12,33.308865
-194.0,12,33.324487
-32.0,12,33.324487
-152.0,12,33.34011
-188.0,12,33.355736
-104.0,12,33.371359
-170.0,12,33.371359
-14.0,12,33.386985
-128.0,12,33.402608
-114.0,12,33.402608
-2.0,12,33.418232
-152.0,12,33.433857
-114.0,12,33.433857
-218.0,12,33.449481
-178.0,12,33.465104
-108.0,12,33.480728
-188.0,12,33.496902
-180.0,12,33.509251
-184.0,12,33.517254
-102.0,12,33.517254
-222.0,12,33.53288
-170.0,12,33.53288
-50.0,12,33.548504
-202.0,12,33.564127
-96.0,12,33.564127
-86.0,12,33.579751
48.0,12,33.595377
-100.0,12,33.611
-150.0,12,33.626625
-130.0,12,33.626625
-118.0,12,33.642247
-170.0,12,33.642247
-196.0,12,33.657871
-84.0,12,33.673495
-10.0,12,33.68912
-240.0,12,33.704745
-30.0,12,33.704745
-154.0,12,33.724721
-240.0,12,33.739588
-224.0,12,33.746595
-18.0,12,33.762222
-8.0,12,33.762222
-184.0,12,33.777847
-168.0,12,33.777847
-118.0,12,33.793471
-206.0,12,33.809093
28.0,12,33.809093
-88.0,12,33.824717
16.0,12,33.840343
-62.0,12,33.855965
-136.0,12,33.855965
-240.0,12,33.871589
-198.0,12,33.887213
-124.0,12,33.902838
-16.0,12,33.902838
-60.0,12,33.918464
-60.0,12,33.934085
-206.0,12,33.934085
-100.0,12,33.949711
-132.0,12,33.965333
-138.0,12,33.980959
-202.0,12,33.980959
6.0,12,33.996581
-98.0,12,34.012205
-98.0,12,34.012205
-202.0,12,34.037187
8.0,12,34.045188
-34.0,12,34.045188
-148.0,12,34.060814
-82.0,12,34.076439
-126.0,12,34.076439
-222.0,12,34.092063
-166.0,12,34.107687
-62.0,12,34.107687
-72.0,12,34.123311
-74.0,12,34.138936
-28.0,12,34.138936
-216.0,12,34.154559
-10.0,12,34.170182
4.0,12,34.170182
-76.0,12,34.185806
-240.0,12,34.185806
-94.0,12,34.201431
-92.0,12,34.217056
-108.0,12,34.217056
-204.0,12,34.242419
-68.0,12,34.251589
-158.0,12,34.253603
-66.0,12,34.253603
-198.0,12,34.269229
88.0,12,34.284853
114.0,12,34.284853
-94.0,12,34.300477
-32.0,12,34.3161
-156.0,12,34.3161
-140.0,12,34.331724
-92.0,12,34.331724
-190.0,12,34.34735
-64.0,12,34.362993
-200.0,12,34.378597
-174.0,12,34.378597
-154.0,12,34.394222
-54.0,12,34.394222
-92.0,12,34.409847
-182.0,12,34.42547
-178.0,12,34.42547
2.0,12,34.441094
-218.0,12,34.456718
-210.0,12,34.456718
-50.0,12,34.472342
-88.0,12,34.472342
-90.0,12,34.487966
-64.0,12,34.503591
-96.0,12,34.519236
-92.0,12,34.534856
-214.0,12,34.550462
-190.0,12,34.566087
-64.0,12,34.580088
16.0,12,34.587094
-122.0,12,34.587094
-240.0,12,34.60272
-152.0,12,34.60272
-136.0,12,34.618364
-54.0,12,34.618364
-240.0,12,34.633988
2.0,12,34.633988
-22.0,12,34.649591
-32.0,12,34.649591
-150.0,12,34.665237
-184.0,12,34.680861
-122.0,12,34.680861
-220.0,12,34.696484
-82.0,12,34.696484
-192.0,12,34.712109
-164.0,12,34.712109
-26.0,12,34.734854
-130.0,12,34.747299
-16.0,12,34.747299
-58.0,12,34.762945
-96.0,12,34.778569
-140.0,12,34.794197
-200.0,12,34.809797
-240.0,12,34.809797
-98.0,12,34.82542
-170.0,12,34.82542
-166.0,12,34.841066
-6.0,12,34.856668
-122.0,12,34.856668
-218.0,12,34.872318
-94.0,12,34.887917
-206.0,12,34.887917
-42.0,12,34.903562
-158.0,12,34.919174
-104.0,12,34.934813
-240.0,12,34.950441
-192.0,12,34.950441
-198.0,12,34.966058
48.0,12,34.981684
-72.0,12,34.981684
-126.0,12,34.997286
-56.0,12,34.997286
-34.0,12,35.01293
-78.0,12,35.028554
-86.0,12,35.044179
80.0,12,35.059802
-174.0,12,35.075406
-100.0,12,35.075406
-114.0,12,35.094081
-240.0,12,35.107336
-146.0,12,35.108348
-118.0,12,35.123974
-162.0,12,35.123974
-168.0,12,35.139619
-56.0,12,35.155221
-168.0,12,35.155221
-208.0,12,35.170847
-22.0,12,35.18647
28.0,12,35.202094
-158.0,12,35.202094
-192.0,12,35.217719
-240.0,12,35.240019
-204.0,12,35.254005
-86.0,12,35.254005
-126.0,12,35.269632
-240.0,12,35.285256
-110.0,12,35.285256
-182.0,12,35.30088
-166.0,12,35.316503
-110.0,12,35.316503
-140.0,12,35.332128
-240.0,12,35.347752
-156.0,12,35.363375
-192.0,12,35.363375
-210.0,12,35.379001
-120.0,12,35.394624
-148.0,12,35.410248
-126.0,12,35.425875
-94.0,12,35.425875
10.0,12,35.441495
-90.0,12,35.441495
-156.0,12,35.457122
84.0,12,35.457122
-150.0,12,35.472744
-148.0,12,35.488369
6.0,12,35.488369
-28.0,12,35.503992
-148.0,12,35.519616
-196.0,12,35.53524
-4.0,12,35.550864
-126.0,12,35.550864
-90.0,12,35.566489
76.0,12,35.582113
-188.0,12,35.582113
-174.0,12,35.597737
-202.0,12,35.615859
-72.0,12,35.62885
-64.0,12,35.642997
-210.0,12,35.642997
-194.0,12,35.658622
-66.0,12,35.674246
-174.0,12,35.68987
-66.0,12,35.705493
-216.0,12,35.705493
-98.0,12,35.7322
-190.0,12,35.740202
-108.0,12,35.740202
-226.0,12,35.755828
-214.0,12,35.771452
-176.0,12,35.771452
-202.0,12,35.787076
-18.0,12,35.787076
-170.0,12,35.802699
-96.0,12,35.818323
-84.0,12,35.818323
-136.0,12,35.83395
-98.0,12,35.83395
-176.0,12,35.849573
-190.0,12,35.865197
-178.0,12,35.865197
-200.0,12,35.88082
-140.0,12,35.896443
-202.0,12,35.91207
-218.0,12,35.91207
-50.0,12,35.927691
-116.0,12,35.927691
-122.0,12,35.943316
-156.0,12,35.95894
-176.0,12,35.974565
-240.0,12,35.990189
-226.0,12,35.990189
-178.0,12,36.005815
-116.0,12,36.005815
-114.0,12,36.021436
-66.0,12,36.021436
-168.0,12,36.037061
-220.0,12,36.052685
-210.0,12,36.068309
-120.0,12,36.083934
-194.0,12,36.083934
-192.0,12,36.099559
-58.0,12,36.115182
-184.0,12,36.115182
-202.0,12,36.130805
-178.0,12,36.1548
86.0,12,36.163992
-122.0,12,36.163992
-64.0,12,36.179619
-32.0,12,36.195241
-96.0,12,36.195241
-178.0,12,36.210865
-88.0,12,36.233171
-146.0,12,36.244428
-72.0,12,36.247443
54.0,12,36.247443
-32.0,12,36.278694
-98.0,12,36.278694
100.0,12,36.294338
-48.0,12,36.309943
-118.0,12,36.309943
-56.0,12,36.325564
-114.0,12,36.341189
-140.0,12,36.341189
-156.0,12,36.356817
-140.0,12,36.372437
-146.0,12,36.372437
-182.0,12,36.388064
-194.0,12,36.403686
-166.0,12,36.403686
-172.0,12,36.419309
-178.0,12,36.419309
-208.0,12,36.434934
-240.0,12,36.450558
-174.0,12,36.450558
-176.0,12,36.466182
42.0,12,36.481805
-34.0,12,36.481805
-164.0,12,36.49743
-240.0,12,36.513054
-64.0,12,36.528679
-138.0,12,36.544302
-126.0,12,36.559927
-142.0,12,36.559927
-126.0,12,36.575551
-98.0,12,36.591175
-44.0,12,36.606819
-188.0,12,36.606819
-40.0,12,36.622423
-166.0,12,36.622423
-20.0,12,36.638047
-132.0,12,36.638047
-32.0,12,36.653693
-20.0,12,36.669316
-84.0,12,36.685471
-168.0,12,36.703748
-240.0,12,36.705761
-156.0,12,36.721387
-10.0,12,36.730401
-88.0,12,36.739538
14.0,12,36.740572
10.0,12,36.756219
-138.0,12,36.756219
-78.0,12,36.771844
-100.0,12,36.771844
-34.0,12,36.787446
-150.0,12,36.803071
-170.0,12,36.803071
-152.0,12,36.818696
-106.0,12,36.834339
-54.0,12,36.834339
-208.0,12,36.849942
-182.0,12,36.849942
-200.0,12,36.865566
-126.0,12,36.881192
-104.0,12,36.896815
-208.0,12,36.91246
-186.0,12,36.928092
-156.0,12,36.928092
-96.0,12,36.943708
-142.0,12,36.943708
-174.0,12,36.959333
-146.0,12,36.974956
-136.0,12,36.974956
-30.0,12,36.990582
-174.0,12,37.006183
-102.0,12,37.006183
-44.0,12,37.021807
-48.0,12,37.021807
-168.0,12,37.037432
-138.0,12,37.053057
-240.0,12,37.053057
-86.0,12,37.06868
-86.0,12,37.06868
-72.0,12,37.084328
-190.0,12,37.099928
-158.0,12,37.099928
-240.0,12,37.115573
-204.0,12,37.115573
-200.0,12,37.131176
-18.0,12,37.131176
-122.0,12,37.1468
-150.0,12,37.162425
-208.0,12,37.178049
-206.0,12,37.178049
68.0,12,37.193672
-68.0,12,37.193672
-64.0,12,37.220744
-170.0,12,37.225766
0.0,12,37.247373
-82.0,12,37.260621
-128.0,12,37.261633
-204.0,12,37.277279
12.0,12,37.292881
-158.0,12,37.292881
-74.0,12,37.308506
-58.0,12,37.324151
-186.0,12,37.339756
-140.0,12,37.339756
-124.0,12,37.35538
-198.0,12,37.371024
-12.0,12,37.386628
-140.0,12,37.386628
102.0,12,37.402252
-118.0,12,37.417875
-132.0,12,37.433519
-190.0,12,37.433519
-84.0,12,37.449124
-240.0,12,37.464768
-48.0,12,37.480371
-240.0,12,37.480371
-186.0,12,37.495996
-32.0,12,37.495996
-134.0,12,37.511619
-94.0,12,37.527265
-198.0,12,37.542889
-144.0,12,37.558514
-102.0,12,37.558514
-240.0,12,37.574136
48.0,12,37.589761
-114.0,12,37.605366
-92.0,12,37.605366
-202.0,12,37.620989
66.0,12,37.620989
-160.0,12,37.636634
-120.0,12,37.636634
-48.0,12,37.652258
-122.0,12,37.667882
-202.0,12,37.667882
156.0,12,37.683506
-38.0,12,37.683506
-48.0,12,37.69913
-58.0,12,37.714734
-240.0,12,37.714734
-224.0,12,37.732832
-134.0,12,37.74673
-120.0,12,37.759767
-68.0,12,37.760775
-140.0,12,37.776421
-72.0,12,37.792045
-206.0,12,37.792045
-240.0,12,37.80767
-180.0,12,37.80767
-174.0,12,37.823293
-138.0,12,37.838897
-144.0,12,37.838897
98.0,12,37.854542
-110.0,12,37.854542
-110.0,12,37.870145
-134.0,12,37.885768
-152.0,12,37.885768
-88.0,12,37.901414
-112.0,12,37.917018
-212.0,12,37.917018
-240.0,12,37.932641
-170.0,12,37.948265
-4.0,12,37.96391
-50.0,12,37.979534
-106.0,12,37.979534
-144.0,12,37.995137
-68.0,12,38.010783
-38.0,12,38.010783
-206.0,12,38.026407
-90.0,12,38.026407
-28.0,12,38.042031
-98.0,12,38.042031
-64.0,12,38.057656
-32.0,12,38.057656
-76.0,12,38.073258
-174.0,12,38.073258
-126.0,12,38.088903
-128.0,12,38.104508
-166.0,12,38.104508
-190.0,12,38.120131
-34.0,12,38.120131
-64.0,12,38.135755
-204.0,12,38.151378
-156.0,12,38.167002
-42.0,12,38.167002
-172.0,12,38.182648
-166.0,12,38.182648
-76.0,12,38.198251
-118.0,12,38.198251
-8.0,12,38.213896
-52.0,12,38.236889
-68.0,12,38.245966
-188.0,12,38.247979
18.0,12,38.247979
-156.0,12,38.276745
-196.0,12,38.281805
-56.0,12,38.297457
-240.0,12,38.297457
-186.0,12,38.313056
-100.0,12,38.313056
-142.0,12,38.32868
-14.0,12,38.32868
-106.0,12,38.344304
-208.0,12,38.344304
-212.0,12,38.359928
94.0,12,38.359928
-88.0,12,38.375572
-172.0,12,38.391175
-240.0,12,38.391175
-152.0,12,38.406798
-136.0,12,38.406798
0.0,12,38.422424
-34.0,12,38.438068
-128.0,12,38.438068
22.0,12,38.453671
-152.0,12,38.469325
-128.0,12,38.48494
-240.0,12,38.500564
-128.0,12,38.500564
14.0,12,38.516167
-56.0,12,38.531812
-170.0,12,38.547415
-132.0,12,38.547415
-208.0,12,38.56304
-116.0,12,38.578664
-222.0,12,38.594288
-240.0,12,38.594288
-92.0,12,38.609912
-240.0,12,38.609912
48.0,12,38.625538
-100.0,12,38.625538
-182.0,12,38.641162
-50.0,12,38.656785
-240.0,12,38.656785
-106.0,12,38.67243
-172.0,12,38.67243
-88.0,12,38.688034
-240.0,12,38.703658
96.0,12,38.719281
-104.0,12,38.736278
-168.0,12,38.749117
-122.0,12,38.755113
-58.0,12,38.77076
-112.0,12,38.786385
-182.0,12,38.786385
-122.0,12,38.805287
-96.0,12,38.810296
-6.0,12,38.823528
-158.0,12,38.831524
-144.0,12,38.831524
-144.0,12,38.847151
-18.0,12,38.847151
-90.0,12,38.862775
-84.0,12,38.862775
22.0,12,38.878399
-6.0,12,38.878399
-144.0,12,38.894023
-18.0,12,38.894023
-174.0,12,38.909648
-84.0,12,38.909648
36.0,12,38.925271
-66.0,12,38.940895
-60.0,12,38.940895
-158.0,12,38.95654
-64.0,12,38.95654
-168.0,12,38.972144
-26.0,12,38.972144
-162.0,12,38.987768
-84.0,12,39.003392
-8.0,12,39.003392
-132.0,12,39.019016
-154.0,12,39.019016
-130.0,12,39.034639
-114.0,12,39.034639
2.0,12,39.050263
-122.0,12,39.065887
-156.0,12,39.065887
-154.0,12,39.081511
-240.0,12,39.081511
-160.0,12,39.097157
-202.0,12,39.097157
-38.0,12,39.112781
-94.0,12,39.112781
-44.0,12,39.128404
-18.0,12,39.128404
-218.0,12,39.144028
-222.0,12,39.159653
-60.0,12,39.159653
-74.0,12,39.175257
-240.0,12,39.175257
-142.0,12,39.190901
-240.0,12,39.190901
-174.0,12,39.206525
-116.0,12,39.206525
-154.0,12,39.229205
-188.0,12,39.237336
-110.0,12,39.241347
-40.0,12,39.241347
-64.0,12,39.256974
-162.0,12,39.272617
-54.0,12,39.272617
-178.0,12,39.288241
-196.0,12,39.288241
-180.0,12,39.303846
-172.0,12,39.303846
-240.0,12,39.319489
-44.0,12,39.319489
-150.0,12,39.341539
-134.0,12,39.350886
-52.0,12,39.351895
70.0,12,39.367542
-170.0,12,39.367542
-240.0,12,39.383164
-98.0,12,39.398768
-240.0,12,39.398768
-114.0,12,39.414392
-96.0,12,39.414392
18.0,12,39.430016
-240.0,12,39.430016
-182.0,12,39.445642
-210.0,12,39.445642
-34.0,12,39.461266
-76.0,12,39.461266
-220.0,12,39.47689
-122.0,12,39.47689
-114.0,12,39.492514
-52.0,12,39.508138
-214.0,12,39.508138
-158.0,12,39.523763
-110.0,12,39.523763
-186.0,12,39.539407
-150.0,12,39.539407
-128.0,12,39.555031
-158.0,12,39.555031
-82.0,12,39.570654
-240.0,12,39.586257
-124.0,12,39.60188
-164.0,12,39.617526
-58.0,12,39.617526
-144.0,12,39.633129
-106.0,12,39.633129
-82.0,12,39.648775
-210.0,12,39.648775
58.0,12,39.664378
-80.0,12,39.664378
-6.0,12,39.680022
10.0,12,39.680022
-150.0,12,39.695647
-22.0,12,39.711271
-130.0,12,39.711271
-120.0,12,39.728849
-40.0,12,39.739305
40.0,12,39.74852
90.0,12,39.764145
-124.0,12,39.764145
-74.0,12,39.77977
-148.0,12,39.77977
-190.0,12,39.795393
-114.0,12,39.795393
-140.0,12,39.811038
10.0,12,39.811038
-158.0,12,39.826643
-98.0,12,39.842286
-38.0,12,39.859321
-102.0,12,39.866323
78.0,12,39.878297
-206.0,12,39.886437
-48.0,12,39.886437
-218.0,12,39.902083
-164.0,12,39.902083
-224.0,12,39.917687
42.0,12,39.933331
-90.0,12,39.933331
76.0,12,39.948934
-122.0,12,39.948934
-46.0,12,39.964558
-190.0,12,39.980182
-142.0,12,39.995806
-240.0,12,39.995806
-132.0,12,40.01143
-136.0,12,40.01143
-122.0,12,40.027057
-188.0,12,40.027057
-144.0,12,40.04268
-154.0,12,40.058304
-152.0,12,40.058304
-212.0,12,40.073927
-152.0,12,40.073927
-124.0,12,40.089572
-88.0,12,40.105177
-186.0,12,40.105177
-70.0,12,40.120821
-156.0,12,40.120821
-214.0,12,40.136423
122.0,12,40.136423
-202.0,12,40.152069
-210.0,12,40.152069
-86.0,12,40.167671
-120.0,12,40.167671
-240.0,12,40.183298
-210.0,12,40.198922
-200.0,12,40.198922
-240.0,12,40.214565
-210.0,12,40.23045
-86.0,12,40.239545
-190.0,12,40.248653
-240.0,12,40.248653
-240.0,12,40.26428
-88.0,12,40.26428
14.0,12,40.279903
-166.0,12,40.295556
-184.0,12,40.295556
-134.0,12,40.31115
128.0,12,40.31115
-58.0,12,40.326795
-240.0,12,40.342398
-190.0,12,40.342398
-240.0,12,40.358024
-124.0,12,40.373647
-152.0,12,40.373647
-146.0,12,40.397945
-164.0,12,40.407423
-112.0,12,40.40844
-204.0,12,40.424066
-104.0,12,40.424066
-46.0,12,40.439689
-240.0,12,40.439689
-76.0,12,40.455314
-240.0,12,40.455314
-118.0,12,40.470938
-196.0,12,40.486583
-154.0,12,40.486583
-170.0,12,40.502188
-222.0,12,40.517812
-84.0,12,40.517812
-172.0,12,40.533455
-240.0,12,40.533455
-120.0,12,40.54906
-38.0,12,40.564685
-136.0,12,40.564685
-56.0,12,40.580328
86.0,12,40.595931
-154.0,12,40.595931
-116.0,12,40.611555
-156.0,12,40.627179
-202.0,12,40.627179
-202.0,12,40.642807
-206.0,12,40.642807
-156.0,12,40.658427
-88.0,12,40.658427
-88.0,12,40.674052
-188.0,12,40.689676
-114.0,12,40.705321
-88.0,12,40.727192
-102.0,12,40.741908
-142.0,12,40.757536
-188.0,12,40.757536
-12.0,12,40.77316
-188.0,12,40.77316
-112.0,12,40.788782
-102.0,12,40.788782
-120.0,12,40.804406
64.0,12,40.804406
-196.0,12,40.82003
-240.0,12,40.835656
-166.0,12,40.851279
-122.0,12,40.866902
12.0,12,40.866902
-206.0,12,40.882529
-136.0,12,40.89815
-114.0,12,40.922233
-132.0,12,40.932199
-182.0,12,40.941324
-126.0,12,40.943331
-166.0,12,40.958977
-166.0,12,40.958977
-194.0,12,40.974601
-68.0,12,40.990205
-190.0,12,40.990205
-154.0,12,41.005828
-222.0,12,41.021454
-14.0,12,41.021454
-156.0,12,41.037076
-190.0,12,41.052701
-142.0,12,41.068326
-166.0,12,41.083949
-4.0,12,41.083949
-164.0,12,41.099572
-186.0,12,41.115221
-206.0,12,41.115221
-220.0,12,41.130842
-134.0,12,41.146446
-240.0,12,41.146446
-82.0,12,41.16207
-220.0,12,41.177715
98.0,12,41.177715
-142.0,12,41.193317
-18.0,12,41.208964
-154.0,12,41.208964
-116.0,12,41.227787
-148.0,12,41.245021
-228.0,12,41.249028
-160.0,12,41.264656
-144.0,12,41.264656
-90.0,12,41.280277
-132.0,12,41.295905
-176.0,12,41.311528
-122.0,12,41.32715
-210.0,12,41.32715
-8.0,12,41.342774
-112.0,12,41.342774
-70.0,12,41.358401
-62.0,12,41.358401
-240.0,12,41.374024
-172.0,12,41.389646
40.0,12,41.405273
-126.0,12,41.405273
-78.0,12,41.420898
-170.0,12,41.420898
-74.0,12,41.436521
-102.0,12,41.452664
-30.0,12,41.468321
-102.0,12,41.471335
-78.0,12,41.486962
-108.0,12,41.502584
-142.0,12,41.502584
-68.0,12,41.518211
-80.0,12,41.533832
-34.0,12,41.549458
-128.0,12,41.549458
-188.0,12,41.565081
14.0,12,41.580727
-40.0,12,41.596331
-150.0,12,41.596331
-64.0,12,41.611974
-144.0,12,41.627579
-18.0,12,41.627579
-240.0,12,41.643204
-70.0,12,41.643204
-76.0,12,41.658826
-68.0,12,41.658826
-124.0,12,41.674449
-182.0,12,41.690073
-102.0,12,41.705697
-240.0,12,41.727074
-214.0,12,41.738206
-18.0,12,41.742218
-162.0,12,41.742218
-90.0,12,41.757846
-50.0,12,41.773467
-92.0,12,41.773467
-90.0,12,41.789095
-154.0,12,41.789095
-240.0,12,41.804717
-130.0,12,41.820341
-106.0,12,41.835965
-144.0,12,41.851588
-170.0,12,41.867213
-174.0,12,41.882837
-212.0,12,41.898481
-160.0,12,41.914106
-50.0,12,41.92971
-224.0,12,41.92971
-10.0,12,41.945333
-24.0,12,41.960957
-240.0,12,41.979082
-100.0,12,41.985088
-74.0,12,42.003165
-176.0,12,42.006184
-44.0,12,42.02181
-10.0,12,42.037434
-186.0,12,42.053058
-240.0,12,42.068681
-78.0,12,42.084305
-130.0,12,42.099929
-94.0,12,42.099929
-140.0,12,42.115554
-200.0,12,42.131178
-40.0,12,42.146803
-4.0,12,42.146803
-188.0,12,42.162427
-160.0,12,42.162427
-62.0,12,42.178051
-78.0,12,42.193696
-166.0,12,42.193696
-124.0,12,42.209298
-82.0,12,42.226915
-88.0,12,42.238952
-118.0,12,42.249518
-204.0,12,42.249518
56.0,12,42.265144
-206.0,12,42.280768
-68.0,12,42.296391
-240.0,12,42.312015
-176.0,12,42.327639
-16.0,12,42.327639
-174.0,12,42.343263
-156.0,12,42.358888
-208.0,12,42.374513
0.0,12,42.390157
-124.0,12,42.405784
-144.0,12,42.421405
-116.0,12,42.43701
-88.0,12,42.452654
-116.0,12,42.452654
-68.0,12,42.468256
-220.0,12,42.468256
-164.0,12,42.483882
-232.0,12,42.499507
-202.0,12,42.515642
-46.0,12,42.527183
-190.0,12,42.534186
-64.0,12,42.534186
22.0,12,42.549813
72.0,12,42.565438
-146.0,12,42.565438
-58.0,12,42.581062
-130.0,12,42.581062
-78.0,12,42.596686
-186.0,12,42.596686
108.0,12,42.612309
-178.0,12,42.627953
-114.0,12,42.627953
-158.0,12,42.643577
-70.0,12,42.643577
-240.0,12,42.659201
-174.0,12,42.659201
72.0,12,42.674825
-240.0,12,42.690428
-124.0,12,42.690428
-178.0,12,42.706073
-158.0,12,42.721979
-54.0,12,42.731403
-114.0,12,42.740561
-180.0,12,42.742574
-94.0,12,42.758199
-202.0,12,42.758199
-98.0,12,42.773822
-190.0,12,42.773822
-130.0,12,42.789445
-140.0,12,42.80507
-50.0,12,42.820716
-138.0,12,42.820716
-70.0,12,42.836342
-124.0,12,42.836342
-126.0,12,42.851964
-168.0,12,42.851964
-140.0,12,42.867587
-208.0,12,42.867587
-94.0,12,42.88319
-200.0,12,42.898815
-106.0,12,42.898815
-74.0,12,42.91444
84.0,12,42.930064
-240.0,12,42.930064
-86.0,12,42.945689
-96.0,12,42.945689
-136.0,12,42.961332
-240.0,12,42.976957
