#{"t_start": 1748856809.0898216, "env_id": "None"}
r,l,t
-216.0,12,0.942348
-192.0,12,1.946255
-198.0,12,2.679669
-72.0,12,3.535333
-124.0,12,3.729729
-142.0,12,3.951088
-12.0,12,4.64984
-112.0,12,4.731114
-202.0,12,5.346046
-190.0,12,6.162496
-140.0,12,6.927329
-116.0,12,7.334589
-160.0,12,7.399943
-144.0,12,7.650447
-88.0,12,8.461222
-206.0,12,8.804554
-230.0,12,9.072552
-210.0,12,10.330517
-154.0,12,11.062151
-50.0,12,12.023419
18.0,12,12.374285
-30.0,12,13.14519
-96.0,12,14.20783
-240.0,12,15.148786
-158.0,12,16.012408
-144.0,12,16.115487
-216.0,12,16.850104
-38.0,12,17.512339
-170.0,12,17.517407
16.0,12,18.677043
-158.0,12,19.307386
-8.0,12,19.472311
-118.0,12,20.107873
6.0,12,20.207464
2.0,12,21.042496
-206.0,12,21.986864
-128.0,12,22.316499
-212.0,12,22.524138
-156.0,12,23.197748
-240.0,12,23.91009
-154.0,12,24.833791
-178.0,12,25.020744
-130.0,12,25.825568
80.0,12,26.479286
-202.0,12,27.224323
-126.0,12,27.302913
-80.0,12,27.530225
-32.0,12,27.724218
-138.0,12,27.952886
-166.0,12,28.842029
-240.0,12,29.879567
-46.0,12,30.744485
-156.0,12,31.297416
26.0,12,31.782301
-32.0,12,32.427558
-190.0,12,33.136639
-38.0,12,33.27551
-140.0,12,33.613808
-170.0,12,33.73147
-240.0,12,33.949124
-110.0,12,34.560619
-218.0,12,35.326166
-98.0,12,36.048808
-160.0,12,37.285051
-116.0,12,38.141264
-188.0,12,38.975701
-56.0,12,39.926483
-166.0,12,40.796818
-120.0,12,41.578889
-218.0,12,41.953239
-174.0,12,42.900802
-114.0,12,43.918962
-240.0,12,44.814308
-98.0,12,45.70306
-172.0,12,46.53195
-24.0,12,47.351145
-220.0,12,48.318582
92.0,12,48.83113
-198.0,12,50.247652
-240.0,12,51.016755
-34.0,12,51.837631
44.0,12,51.892365
-102.0,12,52.502994
-228.0,12,53.242213
-130.0,12,53.898808
-220.0,12,54.800809
-82.0,12,55.783237
-104.0,12,56.859134
-92.0,12,57.076521
-188.0,12,57.38211
-240.0,12,57.988812
96.0,12,58.793357
-68.0,12,59.600111
-38.0,12,60.683217
-184.0,12,61.28544
-206.0,12,62.123985
-144.0,12,63.217684
-126.0,12,63.464121
-188.0,12,63.862382
-38.0,12,64.790885
-28.0,12,65.481935
-212.0,12,66.492341
-110.0,12,67.21122
-224.0,12,68.051131
6.0,12,68.731635
-190.0,12,68.947647
0.0,12,69.624134
-22.0,12,70.624592
-152.0,12,72.425901
-220.0,12,73.089797
-132.0,12,73.688269
-176.0,12,73.99467
-154.0,12,75.086172
44.0,12,75.573782
-98.0,12,76.958463
-28.0,12,76.967893
-144.0,12,77.928304
-218.0,12,78.617383
-176.0,12,78.828782
-204.0,12,79.764327
-158.0,12,80.601457
-210.0,12,81.574455
-240.0,12,81.828291
-198.0,12,82.785509
-240.0,12,83.740007
-136.0,12,84.238484
-50.0,12,85.66804
-82.0,12,87.321348
-190.0,12,87.76243
38.0,12,88.826626
-116.0,12,89.757532
-68.0,12,90.972131
-240.0,12,91.914025
-46.0,12,92.901839
-80.0,12,93.086814
-188.0,12,93.143514
-110.0,12,93.462796
-148.0,12,93.788475
-174.0,12,94.760161
-144.0,12,95.752941
-240.0,12,96.456498
-210.0,12,97.205525
-82.0,12,97.784966
-154.0,12,98.711313
-206.0,12,99.496331
-120.0,12,100.497272
-84.0,12,101.069799
-178.0,12,101.333682
-128.0,12,101.931626
-208.0,12,102.715169
-100.0,12,103.311852
-38.0,12,104.612082
16.0,12,104.714192
-240.0,12,105.250005
-226.0,12,106.482357
-194.0,12,106.758163
-122.0,12,107.0863
-194.0,12,107.854498
-184.0,12,108.684968
-92.0,12,111.162296
-188.0,12,112.084517
-118.0,12,113.074296
-174.0,12,113.156806
-240.0,12,114.016321
-104.0,12,114.805042
-176.0,12,114.858946
-154.0,12,115.50462
-188.0,12,115.95291
20.0,12,116.037064
-182.0,12,117.397573
-122.0,12,118.012224
-66.0,12,118.798661
-102.0,12,119.006824
-58.0,12,119.863643
-114.0,12,120.64367
-192.0,12,121.525911
-116.0,12,122.464041
-32.0,12,123.382532
-222.0,12,124.062007
-58.0,12,125.157653
-196.0,12,126.131161
-194.0,12,127.065779
-130.0,12,127.89603
-158.0,12,128.53432
-32.0,12,129.568952
-124.0,12,130.845055
-42.0,12,131.992915
-108.0,12,133.253483
-164.0,12,134.197947
-116.0,12,134.292984
-56.0,12,134.60382
-178.0,12,135.474158
-76.0,12,136.518729
-70.0,12,137.359341
-154.0,12,138.458382
-182.0,12,139.626648
-146.0,12,139.829469
-166.0,12,140.531736
-114.0,12,141.592431
-136.0,12,142.242915
-106.0,12,143.194215
-128.0,12,143.938499
-118.0,12,144.39975
-198.0,12,144.99496
-240.0,12,145.813305
-240.0,12,145.892489
-68.0,12,146.546567
-64.0,12,147.291919
-184.0,12,147.618026
-98.0,12,148.619872
-222.0,12,149.466165
-40.0,12,150.109147
-94.0,12,152.251832
-60.0,12,153.054054
54.0,12,153.891491
-184.0,12,154.710404
-240.0,12,154.932193
-184.0,12,156.400185
-132.0,12,156.654814
-152.0,12,157.504347
-184.0,12,157.722386
-62.0,12,159.118259
-192.0,12,160.143242
-12.0,12,160.848677
-166.0,12,161.561523
-230.0,12,162.3696
-154.0,12,163.212431
-154.0,12,163.70412
-240.0,12,164.675441
-148.0,12,165.352099
52.0,12,165.837122
-82.0,12,166.718782
-240.0,12,166.791378
-68.0,12,167.810265
-152.0,12,168.646555
-188.0,12,169.554263
-50.0,12,169.891259
-128.0,12,170.084493
-160.0,12,171.155241
-148.0,12,172.098232
-14.0,12,173.372734
-122.0,12,174.338635
-154.0,12,174.598277
40.0,12,175.432856
-84.0,12,176.438437
-82.0,12,176.552741
-240.0,12,176.750629
-126.0,12,177.697045
-194.0,12,178.98966
-240.0,12,180.133358
-170.0,12,180.685437
-190.0,12,181.602441
-28.0,12,182.279482
-78.0,12,183.13358
-144.0,12,183.978866
-96.0,12,184.104517
-174.0,12,184.906151
-126.0,12,186.077844
-78.0,12,186.879047
2.0,12,187.817488
-114.0,12,188.619294
-240.0,12,189.101127
-84.0,12,189.193498
-58.0,12,189.339178
-48.0,12,189.94042
-168.0,12,190.878286
-240.0,12,191.325961
10.0,12,192.104368
-192.0,12,192.876644
-184.0,12,193.595535
-44.0,12,194.340659
-106.0,12,195.266977
-150.0,12,195.569744
-104.0,12,196.187724
-198.0,12,197.160427
-240.0,12,198.790212
-142.0,12,199.097368
-240.0,12,199.914309
-140.0,12,200.580044
-222.0,12,200.789326
-34.0,12,201.882922
-132.0,12,202.737991
-142.0,12,203.320285
-194.0,12,204.342081
-58.0,12,205.187208
-190.0,12,205.496612
-56.0,12,206.180233
-68.0,12,207.152415
-208.0,12,207.996595
-240.0,12,209.158298
-100.0,12,210.192299
-46.0,12,211.068169
-166.0,12,211.899371
-94.0,12,212.14938
-46.0,12,212.439063
-240.0,12,212.557613
-160.0,12,212.748757
-150.0,12,213.033699
-166.0,12,213.338515
-130.0,12,213.579377
-188.0,12,214.191903
-84.0,12,214.401628
-150.0,12,214.677249
-34.0,12,215.616208
-220.0,12,216.079654
-132.0,12,216.997569
-240.0,12,217.683139
58.0,12,218.004216
-210.0,12,218.819867
-70.0,12,219.435501
-138.0,12,220.395233
-240.0,12,220.974304
-154.0,12,221.160542
-70.0,12,221.337004
-102.0,12,221.897388
-166.0,12,222.657177
-162.0,12,222.806664
-82.0,12,223.031344
-172.0,12,223.943986
-240.0,12,224.495385
-140.0,12,224.671238
-174.0,12,224.820858
-176.0,12,225.395239
-94.0,12,226.171659
-122.0,12,226.908676
90.0,12,227.812652
-240.0,12,228.772871
-184.0,12,229.851736
-174.0,12,230.950392
102.0,12,231.637927
-178.0,12,232.880324
-94.0,12,233.023734
-22.0,12,233.681568
-100.0,12,234.607654
-174.0,12,235.168932
-150.0,12,235.462486
-198.0,12,236.627865
-204.0,12,237.356797
-140.0,12,238.238101
120.0,12,239.030241
-128.0,12,239.844784
-240.0,12,241.372104
-240.0,12,242.176887
-240.0,12,242.915909
-134.0,12,244.011309
-176.0,12,244.450368
-84.0,12,245.165658
-194.0,12,246.130806
-54.0,12,246.83634
-210.0,12,247.009663
-174.0,12,247.931598
16.0,12,248.032053
-210.0,12,248.707783
-152.0,12,249.789297
-192.0,12,250.726662
-186.0,12,251.103427
-92.0,12,251.908329
-146.0,12,252.585773
-190.0,12,253.261733
-240.0,12,253.816301
-190.0,12,254.770455
-184.0,12,254.87801
-168.0,12,255.91094
-76.0,12,256.19695
32.0,12,256.750653
-136.0,12,257.675259
-166.0,12,257.740533
-220.0,12,258.868061
-224.0,12,259.659936
-154.0,12,260.669026
-212.0,12,261.487747
-72.0,12,261.591194
-52.0,12,262.51085
-110.0,12,263.287784
-146.0,12,264.210109
-178.0,12,264.856706
-96.0,12,265.8729
-142.0,12,266.152858
-186.0,12,267.089506
-204.0,12,267.765415
-102.0,12,268.817563
-190.0,12,269.841223
-62.0,12,270.738918
-228.0,12,271.45129
-98.0,12,272.087281
-56.0,12,272.849787
-142.0,12,272.94755
-152.0,12,273.856364
-138.0,12,275.046477
-14.0,12,275.84702
-116.0,12,276.76536
60.0,12,276.837834
-194.0,12,277.47665
24.0,12,278.288639
-50.0,12,279.315113
-22.0,12,280.329473
-146.0,12,281.089423
-176.0,12,282.312406
-110.0,12,282.766742
-40.0,12,283.539208
-176.0,12,283.722013
-96.0,12,283.972929
-240.0,12,284.067417
-178.0,12,284.832691
-174.0,12,285.870193
-76.0,12,286.615736
-138.0,12,287.415698
-142.0,12,288.175587
-34.0,12,289.107826
-202.0,12,289.93401
-174.0,12,290.124886
-228.0,12,291.033239
-48.0,12,291.867509
-224.0,12,292.448643
-240.0,12,293.280212
-190.0,12,293.612932
-172.0,12,294.099241
-112.0,12,294.931896
34.0,12,296.000725
-84.0,12,296.132089
-190.0,12,296.185942
2.0,12,297.091846
-222.0,12,297.342373
-194.0,12,297.547366
48.0,12,298.332043
-148.0,12,299.073349
-30.0,12,299.373903
-166.0,12,299.95866
-182.0,12,300.364246
-116.0,12,302.047916
-198.0,12,302.189572
-104.0,12,302.24593
-122.0,12,302.826312
6.0,12,303.625188
-78.0,12,304.557182
-148.0,12,305.655601
-170.0,12,306.172254
-192.0,12,306.594356
-44.0,12,307.269829
-172.0,12,307.77355
-78.0,12,308.417169
-162.0,12,309.328459
-240.0,12,309.834953
-178.0,12,309.991292
-240.0,12,310.712636
-150.0,12,310.91711
-118.0,12,311.463242
-136.0,12,312.559729
-170.0,12,313.178306
-98.0,12,314.056664
54.0,12,314.069937
-150.0,12,315.120199
-8.0,12,315.720339
-94.0,12,316.592242
-240.0,12,317.176069
-58.0,12,317.349345
-38.0,12,317.999147
-118.0,12,318.159345
-192.0,12,319.15941
-112.0,12,319.803962
-96.0,12,320.507053
-202.0,12,321.465594
-138.0,12,322.337213
-60.0,12,322.553511
-2.0,12,323.500429
-164.0,12,323.907444
-220.0,12,325.010143
-118.0,12,325.448248
-20.0,12,325.692229
-206.0,12,326.635256
-240.0,12,327.148388
-152.0,12,327.439444
-42.0,12,328.362156
-56.0,12,328.642342
-204.0,12,329.730389
-64.0,12,330.884547
-240.0,12,331.547896
-92.0,12,332.177336
-240.0,12,332.541672
126.0,12,333.119368
-160.0,12,333.939492
-100.0,12,334.433347
-20.0,12,335.290432
-128.0,12,336.962812
-112.0,12,337.293119
-212.0,12,338.509615
-190.0,12,339.493148
-240.0,12,339.615581
-176.0,12,340.286394
-48.0,12,341.122713
-118.0,12,341.471284
-172.0,12,342.133467
-100.0,12,343.052484
-68.0,12,344.027989
-98.0,12,344.992294
-160.0,12,345.957059
-180.0,12,347.215173
-122.0,12,348.040492
-26.0,12,349.717726
-148.0,12,350.43835
-106.0,12,351.331736
-80.0,12,352.426216
-130.0,12,353.182091
-126.0,12,353.55638
-158.0,12,354.776302
-50.0,12,354.85733
-138.0,12,354.983804
-240.0,12,355.909919
-174.0,12,356.922536
-240.0,12,357.681003
-154.0,12,358.505751
-180.0,12,359.359777
-130.0,12,360.272569
-26.0,12,360.907136
20.0,12,361.700361
-172.0,12,361.780106
-202.0,12,362.667865
-118.0,12,362.814673
-114.0,12,363.729065
-202.0,12,364.514295
-22.0,12,365.201177
-206.0,12,365.925188
-104.0,12,366.890662
-102.0,12,367.689514
-240.0,12,368.728016
-240.0,12,368.893779
-222.0,12,369.790432
-148.0,12,370.612528
-106.0,12,372.088579
-152.0,12,373.194736
-136.0,12,374.135846
-192.0,12,375.363155
-224.0,12,376.243614
-168.0,12,376.816829
-240.0,12,377.75131
-170.0,12,378.598565
-124.0,12,379.567479
-160.0,12,380.041981
-128.0,12,380.289728
-120.0,12,381.034393
-70.0,12,381.4598
-138.0,12,382.543873
56.0,12,383.14636
-146.0,12,383.998102
-148.0,12,384.257391
-92.0,12,385.432851
-64.0,12,385.679472
-176.0,12,386.103151
-46.0,12,387.007111
-48.0,12,388.090602
-226.0,12,389.095893
-124.0,12,389.888584
-216.0,12,391.016314
-54.0,12,392.140223
-76.0,12,392.313368
-114.0,12,393.928694
-216.0,12,394.762257
-50.0,12,395.516143
-178.0,12,396.277814
-176.0,12,396.814214
-174.0,12,397.542608
-184.0,12,398.178838
-46.0,12,398.919732
-160.0,12,399.562097
-200.0,12,400.478793
-212.0,12,401.000152
-76.0,12,401.785074
-208.0,12,401.996634
-118.0,12,403.101473
-118.0,12,404.03648
-124.0,12,404.929289
-110.0,12,406.263426
-128.0,12,407.255006
-240.0,12,408.038782
-200.0,12,408.915709
-186.0,12,410.489623
-74.0,12,411.165668
-190.0,12,411.814828
-190.0,12,412.15928
-154.0,12,412.681371
-60.0,12,413.531772
-148.0,12,414.290627
-18.0,12,415.403843
-154.0,12,416.163323
-214.0,12,416.802107
-36.0,12,417.612247
-102.0,12,418.008138
-190.0,12,418.362923
-232.0,12,419.626499
-206.0,12,419.926664
-136.0,12,420.254594
-128.0,12,421.199563
-66.0,12,422.103232
-66.0,12,422.550488
66.0,12,423.193102
-128.0,12,423.934639
-126.0,12,424.855244
-120.0,12,424.948226
-186.0,12,426.11867
-62.0,12,426.940687
-70.0,12,427.116636
-198.0,12,427.755724
-182.0,12,428.760848
-118.0,12,429.584636
28.0,12,429.844024
-140.0,12,430.751795
-204.0,12,431.625921
-60.0,12,432.349154
-206.0,12,433.30082
-192.0,12,434.119335
-140.0,12,435.006163
-82.0,12,436.241807
-60.0,12,437.251781
-52.0,12,438.178879
-240.0,12,438.74286
-176.0,12,439.380439
-40.0,12,440.219193
-240.0,12,440.570816
-172.0,12,441.745605
16.0,12,441.947906
-52.0,12,442.566025
-142.0,12,443.468304
-152.0,12,444.500032
-34.0,12,445.247181
-98.0,12,446.14641
-108.0,12,446.919262
-18.0,12,447.301042
-104.0,12,447.496758
-176.0,12,448.559621
-34.0,12,449.591996
-76.0,12,450.488219
-170.0,12,450.681453
-80.0,12,451.767072
-150.0,12,452.588881
-34.0,12,453.626695
-184.0,12,454.655329
-164.0,12,455.394347
-144.0,12,456.255024
-200.0,12,456.981493
-156.0,12,457.189997
-160.0,12,458.164234
-94.0,12,459.135273
-218.0,12,460.270976
-160.0,12,461.360302
-76.0,12,461.761309
-128.0,12,462.335652
20.0,12,462.949603
-190.0,12,463.219002
-130.0,12,464.072363
-50.0,12,464.548893
-122.0,12,464.807266
-126.0,12,466.003593
46.0,12,466.117684
-90.0,12,466.212509
-172.0,12,466.995386
-160.0,12,467.669106
-154.0,12,468.427738
-140.0,12,469.803246
-148.0,12,470.633927
-208.0,12,471.486254
-190.0,12,472.195275
-154.0,12,472.815736
-186.0,12,473.465923
-124.0,12,474.473031
-170.0,12,475.908073
-68.0,12,476.301768
-154.0,12,477.449288
-150.0,12,478.277308
-102.0,12,479.263126
-240.0,12,480.000879
-120.0,12,480.326995
-180.0,12,480.549499
-222.0,12,481.154514
-152.0,12,481.79822
-170.0,12,482.536481
-166.0,12,482.728286
156.0,12,483.201703
70.0,12,483.83542
-120.0,12,484.746845
-18.0,12,485.727963
106.0,12,486.324674
-220.0,12,487.328423
-114.0,12,487.916268
-132.0,12,488.404446
-88.0,12,488.713067
-120.0,12,489.958854
-112.0,12,490.968814
-220.0,12,491.339675
-18.0,12,491.802477
-182.0,12,492.590429
-190.0,12,493.169793
-66.0,12,493.696303
-204.0,12,494.75995
-174.0,12,494.886401
-202.0,12,495.167254
-112.0,12,495.896655
24.0,12,496.660896
-16.0,12,497.580142
-240.0,12,498.621688
-18.0,12,499.763265
-198.0,12,500.351474
-184.0,12,501.696093
-2.0,12,501.936162
-240.0,12,502.353148
-170.0,12,502.543891
-156.0,12,503.198382
-168.0,12,503.440774
-154.0,12,503.671833
-210.0,12,504.564848
-62.0,12,504.674842
-212.0,12,505.54659
-142.0,12,507.03653
-206.0,12,507.200764
-162.0,12,508.070609
-202.0,12,508.942667
-240.0,12,509.717309
-132.0,12,510.128308
-96.0,12,510.514711
-204.0,12,511.389841
-154.0,12,511.640711
-22.0,12,512.569956
40.0,12,512.689939
-106.0,12,513.610761
-94.0,12,514.647091
-34.0,12,514.75477
-202.0,12,515.518895
-16.0,12,516.024317
-202.0,12,516.470757
-134.0,12,517.098453
-96.0,12,518.172931
28.0,12,518.655595
-72.0,12,520.090838
-204.0,12,521.330234
-186.0,12,522.192123
-166.0,12,523.217802
-144.0,12,524.16786
-240.0,12,524.347441
-152.0,12,524.943126
-174.0,12,525.190982
-204.0,12,525.501189
-162.0,12,525.80733
-102.0,12,526.647085
-208.0,12,527.402669
-126.0,12,528.122337
-178.0,12,528.426577
-190.0,12,529.126858
-202.0,12,530.113655
-58.0,12,530.938454
-240.0,12,532.017401
-188.0,12,533.014461
-182.0,12,534.073294
-172.0,12,535.046979
-210.0,12,535.853604
-104.0,12,536.614786
-240.0,12,537.240753
-156.0,12,538.080706
-146.0,12,538.286479
-182.0,12,539.127062
-240.0,12,539.338713
-178.0,12,540.250373
-198.0,12,540.733047
-204.0,12,541.632265
-204.0,12,541.909412
-186.0,12,542.78196
-152.0,12,543.657621
-168.0,12,544.289687
-154.0,12,544.527269
-78.0,12,545.232072
-158.0,12,545.940668
-38.0,12,546.775177
-176.0,12,547.455254
-184.0,12,548.107661
-210.0,12,549.085042
-32.0,12,549.940501
50.0,12,550.746706
-240.0,12,551.479066
-190.0,12,552.218741
-52.0,12,552.566556
-30.0,12,553.678835
-22.0,12,554.608152
-130.0,12,554.932454
-8.0,12,555.648977
-224.0,12,556.487658
-66.0,12,557.033455
-152.0,12,557.921515
-186.0,12,558.783849
-144.0,12,559.785552
-170.0,12,560.961434
-240.0,12,561.791374
-164.0,12,562.573653
-160.0,12,563.432051
-112.0,12,564.970279
-22.0,12,565.333324
-146.0,12,566.452644
-140.0,12,567.403559
-240.0,12,567.623403
-240.0,12,568.282794
-92.0,12,568.890988
-222.0,12,569.170902
-56.0,12,569.799735
-104.0,12,570.742218
-24.0,12,571.331067
-158.0,12,572.020315
-172.0,12,572.708413
-48.0,12,573.286547
-100.0,12,573.478343
-184.0,12,573.555503
-140.0,12,574.531417
-176.0,12,575.202367
-204.0,12,575.430636
60.0,12,576.312526
-142.0,12,577.528138
-156.0,12,577.754186
-240.0,12,578.35723
-204.0,12,578.746622
-154.0,12,578.912326
-176.0,12,579.083889
10.0,12,580.17476
-194.0,12,580.731239
-56.0,12,581.455699
-92.0,12,582.204368
-196.0,12,583.008593
62.0,12,583.359964
94.0,12,583.882855
-124.0,12,584.639028
-182.0,12,585.226854
-218.0,12,585.727612
-164.0,12,586.2146
-200.0,12,587.67861
-120.0,12,588.324711
-162.0,12,588.926317
-240.0,12,589.467033
-138.0,12,590.413496
-92.0,12,590.608297
-98.0,12,590.814454
-176.0,12,590.877122
-190.0,12,591.579196
-52.0,12,592.481567
-32.0,12,593.4204
-142.0,12,594.702636
-222.0,12,595.784152
-210.0,12,596.357479
8.0,12,597.387756
26.0,12,598.178753
-68.0,12,598.954661
-154.0,12,599.82124
-206.0,12,600.522384
-216.0,12,600.582296
-226.0,12,600.936475
-96.0,12,601.795405
-218.0,12,602.356288
-152.0,12,603.241216
-170.0,12,604.188242
-134.0,12,604.871172
-10.0,12,605.805058
-92.0,12,606.037515
-130.0,12,607.091855
-194.0,12,607.337665
-218.0,12,608.251493
-2.0,12,609.119168
-168.0,12,609.877526
-150.0,12,610.916588
-184.0,12,611.782113
-240.0,12,612.589402
-166.0,12,613.753794
-210.0,12,614.66372
-240.0,12,615.659096
-240.0,12,616.259425
38.0,12,617.241914
-176.0,12,618.071679
-14.0,12,618.371869
-202.0,12,618.800431
-118.0,12,619.584864
-184.0,12,620.245676
-112.0,12,620.47702
-210.0,12,621.147535
-124.0,12,622.52446
-134.0,12,623.034292
-122.0,12,623.186879
-138.0,12,623.488312
-212.0,12,624.073857
-192.0,12,624.350714
-226.0,12,625.205461
-154.0,12,625.973186
-164.0,12,626.709432
-54.0,12,627.003255
22.0,12,627.378707
-174.0,12,627.91439
-240.0,12,628.521398
-182.0,12,629.046746
-200.0,12,629.512277
-162.0,12,630.289401
-240.0,12,630.827412
-34.0,12,631.645169
-120.0,12,632.31783
-170.0,12,632.961278
-36.0,12,633.253324
-80.0,12,633.546049
-162.0,12,633.71527
-112.0,12,634.534838
-20.0,12,635.287972
-156.0,12,635.804055
-102.0,12,635.967316
-98.0,12,636.64077
-140.0,12,637.66661
-96.0,12,638.421194
-176.0,12,639.150466
-120.0,12,640.178409
-100.0,12,641.292487
-78.0,12,642.103588
-188.0,12,642.397505
-204.0,12,643.37389
-174.0,12,643.384753
-178.0,12,644.06866
-142.0,12,644.298607
-204.0,12,644.903629
-170.0,12,645.563809
-152.0,12,646.232424
-40.0,12,646.710143
-172.0,12,647.354285
-94.0,12,647.693574
-178.0,12,648.400584
-198.0,12,648.664018
-100.0,12,649.280094
-94.0,12,649.843055
-86.0,12,650.530115
-152.0,12,651.288492
-138.0,12,651.898067
-62.0,12,652.555635
-164.0,12,653.342097
-132.0,12,654.418683
-204.0,12,655.082235
-78.0,12,655.755165
-166.0,12,656.924097
-240.0,12,657.662832
-8.0,12,657.678423
-240.0,12,658.686787
-148.0,12,659.437768
-36.0,12,659.49838
-172.0,12,659.553764
-38.0,12,660.651626
-158.0,12,660.885577
-190.0,12,661.708015
-54.0,12,662.048048
-54.0,12,662.869693
-188.0,12,662.884084
-98.0,12,663.675535
-100.0,12,664.489974
-228.0,12,665.212046
-114.0,12,666.508446
16.0,12,667.386208
-24.0,12,668.173901
-54.0,12,668.876028
-152.0,12,669.627636
-102.0,12,670.258183
-84.0,12,670.957887
-74.0,12,670.969875
-188.0,12,671.758183
-226.0,12,672.939405
-52.0,12,673.83834
-152.0,12,674.744397
-78.0,12,675.723899
-116.0,12,675.989925
-134.0,12,676.067241
-112.0,12,676.776278
-80.0,12,677.147491
38.0,12,677.475227
-132.0,12,678.273271
-18.0,12,678.532924
-72.0,12,678.887371
52.0,12,679.402152
-240.0,12,680.181174
-158.0,12,681.313242
-26.0,12,681.673319
-112.0,12,682.558235
-56.0,12,683.467353
16.0,12,684.422766
-132.0,12,685.398118
-18.0,12,685.701478
-184.0,12,686.161085
-240.0,12,686.403052
-130.0,12,686.769334
-184.0,12,687.415372
-112.0,12,688.199781
-114.0,12,688.776819
-88.0,12,689.60623
-188.0,12,690.373737
-56.0,12,690.385579
-180.0,12,691.042653
-110.0,12,691.824521
-202.0,12,692.607344
-22.0,12,693.106936
-128.0,12,694.142524
-168.0,12,694.862521
-240.0,12,695.075161
-148.0,12,696.21158
-222.0,12,696.635111
-188.0,12,696.77241
-170.0,12,697.678423
-104.0,12,698.492547
-218.0,12,699.587473
-184.0,12,700.197437
-208.0,12,701.120295
-128.0,12,701.989442
-132.0,12,703.672554
-164.0,12,704.700405
-122.0,12,705.553773
-62.0,12,706.233788
-84.0,12,706.416688
-206.0,12,707.296979
-200.0,12,707.991718
-60.0,12,708.57771
-210.0,12,709.134303
-240.0,12,709.331828
-128.0,12,710.519884
-190.0,12,711.247702
-138.0,12,711.967363
-222.0,12,712.924182
-166.0,12,713.940533
-222.0,12,715.132003
-150.0,12,715.376327
-176.0,12,716.32288
-188.0,12,717.103067
-14.0,12,717.331791
-108.0,12,718.186999
-126.0,12,718.950168
-120.0,12,719.507436
-178.0,12,720.41432
-146.0,12,721.086295
-192.0,12,721.823972
-62.0,12,722.300743
-176.0,12,723.071967
-26.0,12,724.091933
-124.0,12,725.257541
-62.0,12,725.881132
-154.0,12,726.949414
-174.0,12,727.653705
-200.0,12,728.397118
-168.0,12,729.069069
-208.0,12,729.386076
-24.0,12,729.695853
-168.0,12,729.790238
-176.0,12,729.869371
-204.0,12,730.669637
-10.0,12,731.519305
-210.0,12,732.398517
-22.0,12,732.548241
-214.0,12,733.076456
-190.0,12,733.603436
-174.0,12,733.649806
-68.0,12,734.452457
-74.0,12,735.33507
-76.0,12,736.302539
-168.0,12,736.976775
-232.0,12,737.636341
-40.0,12,738.244144
-170.0,12,739.160671
-154.0,12,740.283695
-210.0,12,741.163311
-56.0,12,742.090209
-202.0,12,743.043612
-168.0,12,744.04192
-152.0,12,744.550467
-240.0,12,744.987589
52.0,12,745.128061
-84.0,12,745.673271
-152.0,12,746.5823
-200.0,12,747.776777
-186.0,12,747.988872
-210.0,12,748.72796
-148.0,12,748.853231
-180.0,12,749.793401
-130.0,12,750.339752
-138.0,12,750.988763
-44.0,12,752.223509
-190.0,12,752.960666
-148.0,12,754.02359
-240.0,12,755.197476
-72.0,12,755.887482
-204.0,12,756.864681
-80.0,12,757.917125
-172.0,12,758.665778
-204.0,12,759.539495
14.0,12,760.26991
-170.0,12,761.277939
-84.0,12,761.620246
-82.0,12,762.69344
-156.0,12,763.635505
-44.0,12,763.794264
-38.0,12,764.5564
-180.0,12,764.794833
-12.0,12,765.530056
-16.0,12,765.736331
-188.0,12,766.442267
-240.0,12,766.72338
-140.0,12,766.884503
-110.0,12,767.439545
-186.0,12,767.842037
-94.0,12,768.854557
-86.0,12,769.864015
-148.0,12,770.857873
-126.0,12,771.764827
-110.0,12,771.959333
-240.0,12,772.659033
-94.0,12,773.556428
-154.0,12,773.820046
-62.0,12,774.3227
-142.0,12,775.62789
-216.0,12,776.540932
-140.0,12,777.22684
-26.0,12,777.390926
-100.0,12,778.319044
-144.0,12,778.49472
14.0,12,778.565796
-144.0,12,779.191164
-150.0,12,779.768463
-168.0,12,780.14785
-240.0,12,780.882184
-148.0,12,782.058938
-10.0,12,783.086495
-168.0,12,784.060678
-192.0,12,784.880345
-170.0,12,785.488821
-188.0,12,786.27827
-168.0,12,787.332545
-240.0,12,788.399716
-128.0,12,789.318111
-240.0,12,790.164975
-118.0,12,790.859006
-194.0,12,792.170193
-98.0,12,792.618992
-154.0,12,793.053267
4.0,12,793.184699
-42.0,12,793.977943
-224.0,12,794.631348
-214.0,12,794.984869
-130.0,12,795.744655
-200.0,12,795.966754
-62.0,12,796.761702
-20.0,12,797.016161
-186.0,12,797.726645
-18.0,12,797.854494
-124.0,12,797.975867
-224.0,12,798.847119
-64.0,12,799.270913
-78.0,12,799.78497
-240.0,12,800.525182
-38.0,12,801.443929
-174.0,12,802.376476
-240.0,12,803.395476
-240.0,12,804.099029
-198.0,12,804.766576
-112.0,12,805.542726
-60.0,12,806.046961
-240.0,12,807.009335
-86.0,12,807.640319
-110.0,12,808.744771
-68.0,12,808.888604
-38.0,12,809.780598
44.0,12,810.623118
-146.0,12,811.861104
-190.0,12,812.946123
-194.0,12,813.831453
-142.0,12,814.099384
-138.0,12,815.030489
-106.0,12,815.515956
-156.0,12,816.323416
-170.0,12,816.580437
-218.0,12,816.81153
-94.0,12,817.780295
-60.0,12,818.516686
-74.0,12,819.368366
24.0,12,820.219485
-28.0,12,821.109445
-220.0,12,822.088953
-16.0,12,822.823417
-102.0,12,823.042268
-208.0,12,823.809326
-186.0,12,824.381367
-102.0,12,824.688696
-86.0,12,825.370993
96.0,12,826.022674
-92.0,12,826.643416
-110.0,12,827.217351
-44.0,12,827.885557
-56.0,12,828.544575
-38.0,12,829.199536
-128.0,12,829.99801
-240.0,12,830.079282
-42.0,12,830.869356
-156.0,12,831.528858
-166.0,12,831.711992
-166.0,12,832.338603
-190.0,12,833.074465
-52.0,12,834.049443
-214.0,12,835.139828
-4.0,12,835.748412
-240.0,12,836.55239
-220.0,12,837.099472
-176.0,12,838.564925
-104.0,12,839.473223
-28.0,12,840.401455
-222.0,12,841.177386
-160.0,12,842.158619
-146.0,12,842.842259
0.0,12,843.725589
-226.0,12,845.925997
-204.0,12,846.757558
-24.0,12,847.546317
-104.0,12,848.271048
-214.0,12,850.328333
-182.0,12,851.386054
-124.0,12,851.484511
-108.0,12,851.583524
-240.0,12,851.910649
-150.0,12,852.444898
-180.0,12,852.533599
-148.0,12,853.498361
-212.0,12,854.407716
-82.0,12,854.522815
-240.0,12,854.77918
-76.0,12,855.392726
-240.0,12,856.143377
-128.0,12,856.214521
-38.0,12,856.774302
-186.0,12,857.456269
-14.0,12,857.653297
-98.0,12,858.231449
-202.0,12,859.221125
-144.0,12,859.97138
-82.0,12,860.698073
-108.0,12,861.627847
-210.0,12,861.871508
-146.0,12,862.530635
-182.0,12,863.241525
-178.0,12,864.178546
-138.0,12,864.742249
-134.0,12,865.354914
-28.0,12,866.20597
-240.0,12,867.046784
-156.0,12,868.029611
-202.0,12,868.919895
-138.0,12,869.335902
-206.0,12,870.4467
48.0,12,870.567079
-150.0,12,870.941481
-158.0,12,872.076878
-64.0,12,872.769022
-156.0,12,872.891087
-86.0,12,874.070239
-194.0,12,874.264043
-130.0,12,874.915309
-176.0,12,875.806661
-24.0,12,876.090715
-164.0,12,877.321254
-240.0,12,877.913869
-46.0,12,878.095339
-14.0,12,878.34005
-100.0,12,879.117334
-94.0,12,880.206841
-90.0,12,881.945891
-204.0,12,882.620209
-154.0,12,882.843323
-98.0,12,883.867913
-158.0,12,884.768519
-150.0,12,884.862962
-130.0,12,885.613196
30.0,12,885.823324
-184.0,12,886.369233
-200.0,12,887.7409
-68.0,12,888.323495
-120.0,12,889.287789
-54.0,12,889.406473
-112.0,12,889.983017
-162.0,12,890.857812
-148.0,12,891.825002
-100.0,12,892.639638
-160.0,12,893.169933
-174.0,12,894.154851
-112.0,12,895.187174
-204.0,12,895.314491
-54.0,12,896.072202
-200.0,12,896.328293
-182.0,12,896.679959
4.0,12,897.853813
-152.0,12,899.107564
-202.0,12,900.614514
-110.0,12,901.376913
-170.0,12,902.388545
-80.0,12,903.427472
58.0,12,904.069324
-154.0,12,905.107157
-192.0,12,905.620378
-28.0,12,906.531162
-108.0,12,906.86203
-190.0,12,907.523479
-194.0,12,908.670696
26.0,12,909.621011
-182.0,12,910.74254
-72.0,12,911.375072
-134.0,12,912.128548
-228.0,12,912.732685
-164.0,12,913.327456
-74.0,12,913.438327
-204.0,12,914.379218
-210.0,12,914.896008
-240.0,12,914.954142
-204.0,12,916.006652
-158.0,12,916.944646
-140.0,12,917.070834
-240.0,12,917.879127
-206.0,12,919.014843
-124.0,12,919.893689
-30.0,12,920.882149
-192.0,12,921.412377
-174.0,12,922.381982
-140.0,12,923.244213
-88.0,12,924.363851
-126.0,12,925.246315
-188.0,12,925.770796
-62.0,12,926.584821
-220.0,12,927.271415
-206.0,12,928.097435
-122.0,12,929.538909
-100.0,12,930.513109
-150.0,12,930.750843
-202.0,12,930.956766
-132.0,12,931.425561
-156.0,12,931.702675
-144.0,12,932.575647
-16.0,12,934.019028
-202.0,12,934.888717
-98.0,12,935.64561
86.0,12,936.443019
-172.0,12,937.007562
-82.0,12,937.97595
-16.0,12,938.905229
-222.0,12,939.527678
-240.0,12,939.993157
-224.0,12,941.517738
70.0,12,942.369259
-70.0,12,943.371241
-130.0,12,944.364358
-12.0,12,945.069399
-168.0,12,945.989235
-152.0,12,946.459651
-220.0,12,947.429251
-110.0,12,948.446665
-188.0,12,948.691672
-122.0,12,948.866096
-68.0,12,949.53634
-108.0,12,950.327081
-90.0,12,951.023139
-158.0,12,951.601668
-170.0,12,951.932498
-24.0,12,952.237506
-168.0,12,952.435547
-118.0,12,952.659421
-226.0,12,953.535508
-58.0,12,954.506647
-138.0,12,954.69548
-190.0,12,955.266221
-240.0,12,956.362411
-114.0,12,956.695494
28.0,12,957.682432
-12.0,12,958.666665
-192.0,12,959.694171
22.0,12,960.264496
-204.0,12,960.60641
-182.0,12,961.283579
-66.0,12,962.042924
-42.0,12,963.088756
-142.0,12,963.856689
-136.0,12,964.628102
-222.0,12,965.732228
-240.0,12,966.602328
-60.0,12,966.709424
-80.0,12,967.449334
-230.0,12,968.076174
-28.0,12,968.799313
-168.0,12,969.271723
-68.0,12,970.24846
-84.0,12,970.905381
-212.0,12,971.956799
56.0,12,972.977468
44.0,12,973.850228
-240.0,12,974.933384
4.0,12,975.55716
-120.0,12,976.186209
-240.0,12,976.642561
-138.0,12,977.424998
-106.0,12,978.663292
-218.0,12,979.404253
12.0,12,979.587968
-240.0,12,980.1214
-60.0,12,981.136533
-190.0,12,982.238842
-240.0,12,983.085396
-162.0,12,983.495964
-96.0,12,983.915293
-212.0,12,985.189378
-178.0,12,986.174262
-208.0,12,987.40442
-206.0,12,988.187897
-240.0,12,988.9868
-240.0,12,989.913448
-186.0,12,990.641907
-240.0,12,992.063383
-240.0,12,992.290182
-240.0,12,993.170361
-240.0,12,993.758234
-170.0,12,994.574324
-126.0,12,995.04642
-154.0,12,996.451615
-110.0,12,996.727854
-176.0,12,997.660564
-154.0,12,998.435391
-182.0,12,999.072552
-130.0,12,999.97865
-36.0,12,1001.188133
-218.0,12,1001.669652
0.0,12,1002.047554
-190.0,12,1003.098254
-158.0,12,1003.404562
-162.0,12,1004.146407
-124.0,12,1005.141679
-188.0,12,1006.001879
-166.0,12,1006.702537
-84.0,12,1007.002127
-166.0,12,1008.102476
-240.0,12,1008.872454
-134.0,12,1009.165742
-188.0,12,1009.888554
-210.0,12,1010.014928
-66.0,12,1010.742118
-172.0,12,1011.740398
-188.0,12,1012.27108
-180.0,12,1013.185953
-204.0,12,1014.084009
-96.0,12,1014.740207
-154.0,12,1015.35535
-78.0,12,1016.039038
-60.0,12,1016.933013
-120.0,12,1017.706173
74.0,12,1017.971399
-190.0,12,1018.623811
-18.0,12,1019.029377
-150.0,12,1019.704037
-158.0,12,1020.433481
-12.0,12,1021.293638
-104.0,12,1022.187065
-240.0,12,1023.456517
-84.0,12,1024.478625
-104.0,12,1025.214376
-156.0,12,1026.293522
-240.0,12,1026.568501
-110.0,12,1026.870934
-118.0,12,1027.902575
24.0,12,1028.786245
-110.0,12,1028.967551
-216.0,12,1029.938275
-170.0,12,1030.448897
-186.0,12,1031.64741
-22.0,12,1032.139579
-144.0,12,1032.915609
-188.0,12,1033.614829
-138.0,12,1033.669536
-196.0,12,1033.865614
-34.0,12,1034.742456
-88.0,12,1035.01992
-216.0,12,1036.406147
-132.0,12,1037.203076
-192.0,12,1037.371027
-188.0,12,1038.35196
-170.0,12,1039.264429
-192.0,12,1040.282557
-62.0,12,1041.396154
-172.0,12,1042.279976
-86.0,12,1043.004859
10.0,12,1043.999208
-64.0,12,1044.076848
-76.0,12,1044.955517
-216.0,12,1045.803436
-94.0,12,1047.154042
-92.0,12,1047.925228
-168.0,12,1048.84353
-166.0,12,1049.345219
-186.0,12,1049.62186
-190.0,12,1050.179744
-166.0,12,1051.081835
-150.0,12,1051.706599
-152.0,12,1052.354827
-200.0,12,1052.452201
-82.0,12,1052.969418
-150.0,12,1053.398745
-118.0,12,1054.222081
-124.0,12,1054.44109
-240.0,12,1055.259418
-100.0,12,1056.176003
-106.0,12,1057.093343
-100.0,12,1057.198953
-168.0,12,1057.469068
-138.0,12,1058.016832
-132.0,12,1058.549563
-214.0,12,1059.158114
-172.0,12,1059.393371
-200.0,12,1059.977472
-224.0,12,1060.578293
-158.0,12,1061.880439
-204.0,12,1062.472272
-100.0,12,1063.546013
-94.0,12,1064.538224
-186.0,12,1065.556159
-28.0,12,1065.977064
-104.0,12,1067.172118
-152.0,12,1067.464317
76.0,12,1068.360798
-68.0,12,1068.568091
-70.0,12,1069.405099
-168.0,12,1070.090866
-210.0,12,1070.214805
-174.0,12,1071.664682
-124.0,12,1072.525217
-240.0,12,1073.111086
-188.0,12,1073.427158
-116.0,12,1073.851721
-104.0,12,1074.432705
-178.0,12,1074.681801
-190.0,12,1075.914017
-142.0,12,1076.541849
-94.0,12,1077.424709
-204.0,12,1077.899777
-62.0,12,1078.84214
-118.0,12,1080.254762
-190.0,12,1080.462395
-20.0,12,1081.52488
40.0,12,1081.738599
-48.0,12,1082.600202
-214.0,12,1084.00475
-240.0,12,1084.736077
-240.0,12,1085.065744
-134.0,12,1085.879079
-182.0,12,1086.987168
-206.0,12,1087.974393
-32.0,12,1088.713065
-148.0,12,1088.982519
-30.0,12,1089.12633
-154.0,12,1090.035518
-206.0,12,1091.173226
-72.0,12,1092.030843
-128.0,12,1092.798745
-196.0,12,1093.311121
-174.0,12,1093.531527
22.0,12,1093.852495
-64.0,12,1094.437999
-188.0,12,1095.053673
102.0,12,1096.042368
-64.0,12,1096.912284
-218.0,12,1097.146015
-144.0,12,1098.1208
-222.0,12,1098.835675
-220.0,12,1099.725965
-96.0,12,1100.09124
-194.0,12,1101.000871
-194.0,12,1101.222105
-194.0,12,1102.279172
-60.0,12,1102.910881
-170.0,12,1103.814542
-42.0,12,1103.984832
-174.0,12,1104.140363
-184.0,12,1104.996684
-130.0,12,1105.067879
-204.0,12,1105.691285
-202.0,12,1106.440325
-46.0,12,1106.451317
-110.0,12,1106.62329
-94.0,12,1107.442797
-212.0,12,1108.236348
-112.0,12,1109.153698
-106.0,12,1109.494642
-94.0,12,1110.468807
54.0,12,1111.092067
-148.0,12,1112.176003
-106.0,12,1112.405114
2.0,12,1113.810124
-232.0,12,1114.207445
-154.0,12,1114.79433
-170.0,12,1115.487072
-240.0,12,1116.62548
-72.0,12,1117.408066
-90.0,12,1119.064138
-188.0,12,1119.79579
-198.0,12,1120.986543
-166.0,12,1121.730922
-116.0,12,1122.23305
-56.0,12,1123.305011
-144.0,12,1124.816692
-10.0,12,1125.599676
-120.0,12,1126.522285
-78.0,12,1128.138479
-240.0,12,1128.890585
-38.0,12,1130.017775
-120.0,12,1131.533264
-18.0,12,1132.441721
-184.0,12,1133.32522
-240.0,12,1134.332948
-174.0,12,1135.421558
14.0,12,1136.256136
-172.0,12,1137.120028
-134.0,12,1137.836861
-192.0,12,1138.743006
-114.0,12,1139.951434
-156.0,12,1140.421303
-194.0,12,1141.343953
-148.0,12,1142.029821
-170.0,12,1142.434331
-172.0,12,1143.850911
-92.0,12,1143.953453
-166.0,12,1144.589009
-136.0,12,1145.330655
-74.0,12,1146.236114
-42.0,12,1146.856713
-62.0,12,1147.98191
-52.0,12,1148.626014
-96.0,12,1149.768782
-220.0,12,1150.360142
-154.0,12,1150.720904
-174.0,12,1151.574507
-176.0,12,1153.018025
-44.0,12,1153.888942
-170.0,12,1155.451823
-168.0,12,1156.361278
-116.0,12,1157.361459
-182.0,12,1158.308903
-202.0,12,1159.454666
-80.0,12,1159.672035
-132.0,12,1161.010546
-70.0,12,1161.786259
-200.0,12,1162.743738
-138.0,12,1163.795611
-52.0,12,1164.095551
18.0,12,1164.916041
-102.0,12,1166.029258
-10.0,12,1166.937736
-150.0,12,1167.923838
-240.0,12,1168.726234
-240.0,12,1169.088991
-190.0,12,1170.064337
-66.0,12,1170.898094
-168.0,12,1171.234641
-162.0,12,1172.713223
-204.0,12,1173.866488
-138.0,12,1174.95137
-128.0,12,1176.119528
-118.0,12,1176.943129
-186.0,12,1178.145091
-184.0,12,1179.349692
-222.0,12,1180.241525
-110.0,12,1181.877974
-172.0,12,1182.618268
-34.0,12,1182.829041
-110.0,12,1183.903349
-118.0,12,1184.652557
-138.0,12,1185.69845
-66.0,12,1186.582345
-36.0,12,1187.785131
-178.0,12,1189.191838
-240.0,12,1189.744088
52.0,12,1190.630239
-24.0,12,1191.384906
-168.0,12,1192.144622
-152.0,12,1193.024977
-96.0,12,1194.054058
-48.0,12,1195.007771
-104.0,12,1195.488689
-156.0,12,1195.703411
-134.0,12,1196.065316
-148.0,12,1196.850752
-186.0,12,1197.554991
-10.0,12,1198.018161
-240.0,12,1199.571785
-58.0,12,1200.411623
-124.0,12,1201.122762
-68.0,12,1202.62821
-14.0,12,1203.767658
-182.0,12,1204.561921
-170.0,12,1204.872176
-136.0,12,1205.811512
-148.0,12,1206.014324
-224.0,12,1206.33901
-64.0,12,1206.860219
120.0,12,1206.985989
-172.0,12,1207.759817
-232.0,12,1208.414743
-206.0,12,1209.406007
-190.0,12,1210.472462
-92.0,12,1211.436978
-98.0,12,1211.5473
-142.0,12,1211.868349
-114.0,12,1212.904001
-110.0,12,1213.777197
-106.0,12,1214.087651
-106.0,12,1215.036851
-152.0,12,1215.748031
-190.0,12,1216.66861
-18.0,12,1216.94896
-48.0,12,1217.752207
-158.0,12,1218.705382
-82.0,12,1219.454534
-74.0,12,1220.527273
48.0,12,1221.283286
-82.0,12,1221.464442
-202.0,12,1222.320926
-154.0,12,1222.707231
-52.0,12,1223.597581
-228.0,12,1224.839959
-162.0,12,1225.433973
-116.0,12,1226.337233
-240.0,12,1226.878718
-136.0,12,1227.821507
-188.0,12,1228.024652
-114.0,12,1228.263942
-52.0,12,1229.007432
-148.0,12,1230.136045
-156.0,12,1230.319341
-130.0,12,1230.550166
-190.0,12,1231.200269
-82.0,12,1232.246479
16.0,12,1232.8866
-240.0,12,1233.530959
-166.0,12,1234.01663
-182.0,12,1234.661501
-182.0,12,1234.857368
-204.0,12,1235.798486
-104.0,12,1236.542582
-90.0,12,1237.541015
-168.0,12,1238.254409
-178.0,12,1238.918705
-174.0,12,1239.675017
-190.0,12,1239.925388
-120.0,12,1240.691363
-16.0,12,1240.816618
-86.0,12,1241.581973
-240.0,12,1241.944696
-124.0,12,1242.862699
-48.0,12,1243.647545
-156.0,12,1244.618505
-152.0,12,1245.652775
-240.0,12,1246.672555
-206.0,12,1246.968819
-36.0,12,1247.233607
-140.0,12,1248.326558
-50.0,12,1248.45591
-154.0,12,1249.448216
-166.0,12,1249.910546
-220.0,12,1250.843312
70.0,12,1251.401245
-210.0,12,1252.188366
-240.0,12,1252.822562
-140.0,12,1253.838322
-140.0,12,1254.109777
-218.0,12,1254.313727
-144.0,12,1255.362239
-142.0,12,1256.388366
-146.0,12,1257.211043
-130.0,12,1258.094781
-90.0,12,1258.768346
34.0,12,1259.719013
40.0,12,1260.478354
-112.0,12,1260.801758
-240.0,12,1261.339525
-200.0,12,1261.837511
-186.0,12,1262.809046
-240.0,12,1263.391741
-134.0,12,1264.519578
-76.0,12,1265.595666
-78.0,12,1266.089231
-140.0,12,1266.858794
-240.0,12,1267.525754
-240.0,12,1268.181291
-202.0,12,1268.787516
-136.0,12,1269.885469
-154.0,12,1270.732712
-202.0,12,1271.222104
-14.0,12,1271.744137
-52.0,12,1272.45383
-240.0,12,1273.243918
-176.0,12,1273.281796
-216.0,12,1273.687392
18.0,12,1274.367665
-202.0,12,1274.993824
-86.0,12,1275.868231
-162.0,12,1276.939683
-52.0,12,1277.89807
-118.0,12,1278.721706
-168.0,12,1278.817963
-48.0,12,1279.783359
-28.0,12,1279.84939
-170.0,12,1280.545412
-120.0,12,1281.995183
-188.0,12,1282.173259
-138.0,12,1282.9262
-98.0,12,1283.452307
-122.0,12,1283.792876
-166.0,12,1284.964728
-240.0,12,1285.167663
-82.0,12,1285.639215
-240.0,12,1286.233384
-92.0,12,1286.339309
-176.0,12,1287.234343
-210.0,12,1288.122095
-34.0,12,1288.971816
-2.0,12,1290.198916
-76.0,12,1290.51583
-110.0,12,1291.361773
-240.0,12,1291.943985
-110.0,12,1293.051806
-154.0,12,1293.894895
-62.0,12,1294.952461
-192.0,12,1295.142972
-208.0,12,1296.526623
-124.0,12,1296.94509
-200.0,12,1297.818622
-192.0,12,1298.127302
-220.0,12,1298.939467
22.0,12,1299.197678
38.0,12,1299.905246
-202.0,12,1300.791125
-178.0,12,1301.691528
-210.0,12,1302.849478
-136.0,12,1302.906408
-136.0,12,1304.269672
-144.0,12,1304.461794
-92.0,12,1305.068517
-170.0,12,1305.712265
-240.0,12,1306.471591
-112.0,12,1307.193217
-146.0,12,1308.149802
-204.0,12,1309.386888
-202.0,12,1310.281178
-66.0,12,1310.494856
-240.0,12,1311.582632
-154.0,12,1312.291603
-70.0,12,1313.150322
-48.0,12,1313.902553
-130.0,12,1315.094159
-94.0,12,1315.684455
-156.0,12,1315.933352
-154.0,12,1316.877833
-86.0,12,1317.187623
-204.0,12,1318.018993
-240.0,12,1318.714544
6.0,12,1319.464337
-240.0,12,1320.286679
-240.0,12,1320.702843
-116.0,12,1321.714974
24.0,12,1322.583274
-68.0,12,1323.155446
-160.0,12,1324.148881
-110.0,12,1324.902995
-222.0,12,1325.643165
-20.0,12,1326.439145
-34.0,12,1326.801191
-44.0,12,1328.147066
46.0,12,1328.971668
-158.0,12,1330.531234
-240.0,12,1331.172828
-112.0,12,1332.127683
-36.0,12,1333.007477
-156.0,12,1333.977843
-66.0,12,1334.876959
-200.0,12,1335.082221
-110.0,12,1336.54218
-154.0,12,1337.738926
-86.0,12,1338.582077
-208.0,12,1339.566553
-204.0,12,1340.221742
-158.0,12,1341.389574
-100.0,12,1341.555873
-152.0,12,1342.767883
-112.0,12,1343.560821
-240.0,12,1344.541961
-170.0,12,1345.421365
-90.0,12,1345.844028
-58.0,12,1346.066771
-8.0,12,1346.976866
-24.0,12,1348.04531
-222.0,12,1348.67501
-174.0,12,1349.851248
-96.0,12,1350.802522
-30.0,12,1351.326051
-240.0,12,1352.491895
-240.0,12,1352.56818
-26.0,12,1353.217868
-210.0,12,1354.051583
-210.0,12,1354.251755
-222.0,12,1355.108593
-108.0,12,1356.226876
-240.0,12,1356.471466
-198.0,12,1357.521821
-72.0,12,1358.35859
-202.0,12,1358.630396
-162.0,12,1358.894348
-128.0,12,1359.058152
-168.0,12,1359.632381
-136.0,12,1360.523179
-116.0,12,1361.797865
-24.0,12,1362.519799
-194.0,12,1363.360523
-240.0,12,1364.396638
-32.0,12,1365.136328
-164.0,12,1365.780342
-152.0,12,1366.574937
-240.0,12,1367.215945
-72.0,12,1368.042537
-168.0,12,1368.742629
-100.0,12,1369.608144
-240.0,12,1370.54665
-240.0,12,1371.071299
-132.0,12,1372.239729
-240.0,12,1373.484371
-44.0,12,1374.221493
-102.0,12,1374.426881
-240.0,12,1376.046214
-132.0,12,1377.105391
22.0,12,1377.431795
-16.0,12,1378.586928
-176.0,12,1379.615513
-144.0,12,1380.251402
2.0,12,1381.090194
-104.0,12,1381.932767
-208.0,12,1382.00274
-160.0,12,1383.159305
-184.0,12,1383.49598
-166.0,12,1384.397664
-202.0,12,1384.759258
-36.0,12,1385.047261
-110.0,12,1385.720893
-64.0,12,1385.860745
-158.0,12,1386.693651
-190.0,12,1387.755915
-74.0,12,1388.59176
-92.0,12,1388.920532
-240.0,12,1389.695247
-44.0,12,1390.145384
24.0,12,1390.902724
-12.0,12,1391.477497
-240.0,12,1392.602951
72.0,12,1393.373766
-194.0,12,1394.282569
-156.0,12,1394.956566
-52.0,12,1395.729376
-224.0,12,1396.402472
-108.0,12,1396.611447
-110.0,12,1397.472426
-240.0,12,1397.685872
-158.0,12,1398.571065
-94.0,12,1399.438195
-204.0,12,1400.275424
-212.0,12,1400.486695
-96.0,12,1400.684076
-122.0,12,1401.519135
-192.0,12,1402.738006
-240.0,12,1404.325166
-160.0,12,1405.388121
-204.0,12,1406.33947
-92.0,12,1407.109181
110.0,12,1408.073835
-144.0,12,1409.100554
-228.0,12,1409.881563
-210.0,12,1410.415637
-166.0,12,1411.149482
-164.0,12,1411.900183
-32.0,12,1413.135894
-74.0,12,1414.122221
-156.0,12,1415.192647
-152.0,12,1415.499943
-180.0,12,1416.100912
-34.0,12,1417.13258
-58.0,12,1418.430465
-240.0,12,1419.292255
-194.0,12,1419.644434
-206.0,12,1420.639006
-104.0,12,1421.330132
-132.0,12,1421.942449
36.0,12,1422.632684
-126.0,12,1423.075861
-194.0,12,1423.969953
-4.0,12,1424.876072
-202.0,12,1425.774142
-116.0,12,1426.668778
-210.0,12,1427.282276
-120.0,12,1427.37763
-64.0,12,1428.07748
-118.0,12,1428.988621
-66.0,12,1430.054336
-194.0,12,1431.237875
-38.0,12,1431.489474
-224.0,12,1432.659593
-172.0,12,1433.633295
-24.0,12,1434.759385
-144.0,12,1435.635343
-154.0,12,1436.566981
-164.0,12,1436.933206
-208.0,12,1437.546581
-182.0,12,1438.480025
-152.0,12,1438.837409
-102.0,12,1439.390009
-190.0,12,1440.171958
-184.0,12,1440.799712
-144.0,12,1440.960107
-184.0,12,1441.233633
-132.0,12,1441.993487
-184.0,12,1442.861929
-240.0,12,1443.675282
-44.0,12,1444.515843
-240.0,12,1445.318429
32.0,12,1446.316597
-136.0,12,1446.820555
-136.0,12,1447.75384
-192.0,12,1448.492822
-174.0,12,1448.707574
-90.0,12,1449.639678
-60.0,12,1450.516786
-212.0,12,1451.573177
-24.0,12,1452.511135
-74.0,12,1453.396873
-204.0,12,1454.089536
-124.0,12,1455.031308
-148.0,12,1455.380182
-202.0,12,1456.563036
-162.0,12,1457.395214
-132.0,12,1458.029396
-68.0,12,1458.936299
-64.0,12,1460.046005
-150.0,12,1460.354056
-182.0,12,1460.663725
-120.0,12,1461.734541
-240.0,12,1462.726648
-190.0,12,1463.489963
-174.0,12,1464.07687
-148.0,12,1464.999433
-142.0,12,1465.227773
-240.0,12,1465.685739
-184.0,12,1467.209515
-240.0,12,1467.918519
-48.0,12,1469.018636
-202.0,12,1470.431364
-206.0,12,1471.321571
-22.0,12,1471.537189
-158.0,12,1472.229937
-220.0,12,1472.813147
-20.0,12,1473.144772
-30.0,12,1473.625029
-206.0,12,1473.795585
-30.0,12,1474.976925
-92.0,12,1475.963737
-134.0,12,1476.146534
-214.0,12,1476.725141
-110.0,12,1477.409294
-154.0,12,1477.536092
-218.0,12,1478.348607
-172.0,12,1478.414165
-86.0,12,1478.79781
-196.0,12,1479.768988
-180.0,12,1480.620598
-174.0,12,1481.726664
-222.0,12,1482.510441
-20.0,12,1483.235567
-170.0,12,1484.123064
-206.0,12,1484.844051
-128.0,12,1485.641426
-136.0,12,1486.242451
38.0,12,1486.465948
-204.0,12,1487.123428
-80.0,12,1488.324694
-196.0,12,1489.318896
-70.0,12,1490.362662
-158.0,12,1490.535031
-102.0,12,1491.692765
-186.0,12,1492.52145
-240.0,12,1493.02503
-240.0,12,1493.906024
-112.0,12,1494.484424
-162.0,12,1494.629478
-56.0,12,1495.628951
-124.0,12,1496.878058
-168.0,12,1497.810108
-174.0,12,1499.349933
-116.0,12,1500.364625
-76.0,12,1501.275121
-240.0,12,1502.246946
-150.0,12,1503.414179
22.0,12,1503.591528
-186.0,12,1504.150619
-124.0,12,1505.237457
-130.0,12,1506.098656
-100.0,12,1506.89741
-142.0,12,1507.258304
-240.0,12,1507.874145
-42.0,12,1508.579204
-148.0,12,1509.280659
-240.0,12,1509.891089
-64.0,12,1510.559889
-52.0,12,1511.37982
-60.0,12,1512.32272
-204.0,12,1512.772832
-162.0,12,1513.332252
-226.0,12,1514.365863
10.0,12,1515.374383
-152.0,12,1516.081463
-54.0,12,1517.029787
-122.0,12,1517.708619
-182.0,12,1518.730284
-226.0,12,1519.465229
-108.0,12,1520.404947
-76.0,12,1521.10396
26.0,12,1521.181784
-172.0,12,1521.248908
-138.0,12,1522.249108
-144.0,12,1523.439746
-202.0,12,1524.531317
-172.0,12,1525.694473
-222.0,12,1526.064549
-240.0,12,1526.926389
-186.0,12,1527.438294
-68.0,12,1527.454626
-126.0,12,1527.999646
-138.0,12,1528.691114
-206.0,12,1529.609301
-94.0,12,1529.714069
-136.0,12,1530.391008
-4.0,12,1530.900731
-76.0,12,1532.181035
-188.0,12,1532.363236
-44.0,12,1532.701687
-172.0,12,1533.474166
-218.0,12,1534.075369
-240.0,12,1534.315649
-212.0,12,1535.459979
-220.0,12,1536.168064
-120.0,12,1537.377048
-108.0,12,1538.316339
-152.0,12,1539.156597
-136.0,12,1540.335146
-160.0,12,1541.279566
-78.0,12,1542.125397
-148.0,12,1542.333091
-70.0,12,1543.170491
-160.0,12,1544.202604
-150.0,12,1544.886441
-120.0,12,1545.80834
-202.0,12,1546.309421
68.0,12,1546.886805
-6.0,12,1547.991122
-204.0,12,1548.900982
-202.0,12,1549.672439
-10.0,12,1549.865601
-84.0,12,1550.087763
-106.0,12,1550.949064
62.0,12,1551.014359
16.0,12,1552.137418
-190.0,12,1552.985093
-84.0,12,1553.557359
-82.0,12,1554.224863
-118.0,12,1555.23047
-140.0,12,1555.697121
-212.0,12,1556.358396
-148.0,12,1557.553651
-108.0,12,1558.741036
-186.0,12,1559.26665
-152.0,12,1560.176154
-12.0,12,1560.287636
-142.0,12,1561.546683
-212.0,12,1562.287602
-204.0,12,1562.857207
-240.0,12,1563.380419
-124.0,12,1564.666598
-134.0,12,1564.941952
-204.0,12,1565.029395
4.0,12,1565.262418
-166.0,12,1565.434554
-140.0,12,1565.510125
-210.0,12,1566.408769
-186.0,12,1566.620884
-30.0,12,1566.879236
-26.0,12,1567.025817
-210.0,12,1568.239252
-30.0,12,1568.752261
-240.0,12,1569.69389
-182.0,12,1571.554526
-112.0,12,1572.92739
-184.0,12,1573.585671
-168.0,12,1574.449504
-154.0,12,1575.242247
-156.0,12,1576.208038
-154.0,12,1576.498454
-34.0,12,1577.272332
-152.0,12,1578.024663
34.0,12,1578.831131
-88.0,12,1579.477541
-190.0,12,1580.16788
-96.0,12,1580.982805
-176.0,12,1581.612105
-92.0,12,1581.813713
-130.0,12,1582.018208
-128.0,12,1582.693725
-180.0,12,1583.555871
-12.0,12,1584.516955
-152.0,12,1586.044246
-168.0,12,1587.175262
-190.0,12,1588.039924
-198.0,12,1588.275448
-2.0,12,1588.460821
-138.0,12,1589.157253
-14.0,12,1589.918419
-240.0,12,1590.582119
-202.0,12,1591.917485
-158.0,12,1593.164148
-172.0,12,1594.018689
-120.0,12,1595.070852
-218.0,12,1595.174574
-222.0,12,1595.807851
-74.0,12,1596.522163
-88.0,12,1597.382188
-226.0,12,1598.093067
-226.0,12,1598.445435
12.0,12,1598.944787
-44.0,12,1599.015605
-200.0,12,1599.786885
-232.0,12,1600.454448
-60.0,12,1600.598165
-178.0,12,1601.522168
-220.0,12,1602.379446
-188.0,12,1602.479237
-200.0,12,1602.734636
-240.0,12,1603.553352
-212.0,12,1604.488594
-110.0,12,1605.048084
-212.0,12,1606.15877
20.0,12,1607.269616
-58.0,12,1608.074055
-194.0,12,1609.314855
-148.0,12,1609.522417
-240.0,12,1610.106891
-146.0,12,1610.612916
-208.0,12,1611.567214
-78.0,12,1611.862113
-60.0,12,1612.656787
-138.0,12,1613.601101
-136.0,12,1614.505202
-182.0,12,1615.387665
-148.0,12,1616.210552
-112.0,12,1616.859164
-240.0,12,1617.694611
-176.0,12,1618.61534
-140.0,12,1619.074575
-198.0,12,1619.413856
-194.0,12,1620.472848
-132.0,12,1621.70864
-138.0,12,1622.526512
-146.0,12,1622.706721
-190.0,12,1623.849106
-144.0,12,1624.52891
-170.0,12,1625.307865
-204.0,12,1626.077796
-202.0,12,1626.74001
-240.0,12,1626.958796
-170.0,12,1627.559939
-108.0,12,1628.229114
-136.0,12,1629.187649
-128.0,12,1629.473244
-188.0,12,1630.129872
-224.0,12,1630.855138
-134.0,12,1631.462211
-114.0,12,1632.026978
-240.0,12,1632.687911
-146.0,12,1633.099072
-12.0,12,1633.3956
-114.0,12,1634.896738
-174.0,12,1635.28924
-138.0,12,1635.965262
-12.0,12,1636.825066
-38.0,12,1637.048941
-166.0,12,1637.651966
-94.0,12,1638.469486
-198.0,12,1638.622207
-178.0,12,1639.487277
-152.0,12,1640.555814
-190.0,12,1641.399968
126.0,12,1641.946161
-208.0,12,1643.079226
-188.0,12,1643.158114
-52.0,12,1644.755139
-164.0,12,1645.719235
-204.0,12,1646.704393
-164.0,12,1648.033513
-224.0,12,1648.117126
-124.0,12,1649.049809
-220.0,12,1649.922529
-62.0,12,1650.875703
-126.0,12,1651.602444
-110.0,12,1651.863468
-218.0,12,1652.523834
-190.0,12,1653.56155
-128.0,12,1653.574984
-240.0,12,1654.280803
-108.0,12,1654.992688
-90.0,12,1655.501616
-58.0,12,1656.829422
-172.0,12,1658.007618
-134.0,12,1658.61147
-70.0,12,1659.305151
-72.0,12,1659.721807
-26.0,12,1660.071579
-168.0,12,1660.738378
-64.0,12,1660.96291
-142.0,12,1662.008044
-112.0,12,1662.936461
-240.0,12,1663.934625
46.0,12,1664.192494
-162.0,12,1664.716996
-240.0,12,1664.953774
-114.0,12,1665.972604
-184.0,12,1667.106104
-138.0,12,1667.210928
-130.0,12,1667.416236
-204.0,12,1667.782494
-132.0,12,1668.403627
-240.0,12,1669.822656
-170.0,12,1670.786502
-200.0,12,1671.957611
-120.0,12,1672.643317
-54.0,12,1673.429514
-176.0,12,1673.799765
-20.0,12,1674.229511
-80.0,12,1674.567156
-138.0,12,1675.188693
-198.0,12,1675.707425
-220.0,12,1676.976481
-148.0,12,1677.945455
-172.0,12,1678.855244
-172.0,12,1679.355937
-192.0,12,1679.975852
-66.0,12,1680.182792
-192.0,12,1681.070225
-106.0,12,1681.296692
-184.0,12,1682.274722
-190.0,12,1683.093328
-24.0,12,1683.879171
-140.0,12,1685.096673
-208.0,12,1685.922377
-174.0,12,1686.235756
-168.0,12,1687.208539
-230.0,12,1687.615821
-192.0,12,1688.519813
-240.0,12,1689.541964
-212.0,12,1690.481725
-178.0,12,1691.364083
-240.0,12,1691.582413
-104.0,12,1691.772528
-12.0,12,1691.786191
-92.0,12,1692.816429
-196.0,12,1693.705028
-142.0,12,1694.241333
-210.0,12,1694.682442
-204.0,12,1695.162278
-130.0,12,1695.646061
-154.0,12,1696.089973
-156.0,12,1696.680644
-56.0,12,1697.367384
-98.0,12,1698.159627
-4.0,12,1699.49126
-208.0,12,1700.319211
-170.0,12,1701.138118
-174.0,12,1702.26729
-20.0,12,1702.491236
-198.0,12,1703.333701
-170.0,12,1703.419355
-122.0,12,1704.098348
-114.0,12,1705.080071
-116.0,12,1705.885044
-166.0,12,1706.986147
-80.0,12,1707.898767
-128.0,12,1708.107625
-108.0,12,1708.964719
-202.0,12,1709.72108
-224.0,12,1710.421509
-188.0,12,1710.767642
-240.0,12,1711.50106
-42.0,12,1712.885049
-164.0,12,1713.997495
-154.0,12,1714.773342
-106.0,12,1714.846597
-224.0,12,1715.708713
-174.0,12,1716.532101
-138.0,12,1716.890974
-162.0,12,1717.808777
-202.0,12,1718.581001
-192.0,12,1719.039634
-100.0,12,1719.187905
-118.0,12,1719.946277
-136.0,12,1720.574728
-180.0,12,1720.812365
48.0,12,1721.224194
-160.0,12,1722.193129
-40.0,12,1722.434927
-208.0,12,1722.600782
-96.0,12,1723.116547
-94.0,12,1723.924524
-146.0,12,1724.810021
-188.0,12,1725.447117
-172.0,12,1726.289174
-190.0,12,1727.140201
-188.0,12,1728.307684
-120.0,12,1729.150691
-76.0,12,1730.103725
-6.0,12,1731.655944
-86.0,12,1731.876799
-38.0,12,1732.824267
-40.0,12,1734.237777
-94.0,12,1734.867581
-62.0,12,1736.311413
-192.0,12,1736.781866
-114.0,12,1737.36269
-118.0,12,1738.528677
-128.0,12,1739.594992
-80.0,12,1740.762858
-170.0,12,1741.701875
-128.0,12,1742.303885
-114.0,12,1743.559587
-112.0,12,1743.608515
-88.0,12,1743.871626
-174.0,12,1744.591245
-80.0,12,1744.730275
-152.0,12,1745.622973
12.0,12,1746.408683
-58.0,12,1747.079508
-134.0,12,1747.338313
-100.0,12,1747.646753
-90.0,12,1748.525974
-40.0,12,1748.716043
-150.0,12,1748.841515
-200.0,12,1749.720139
-226.0,12,1750.397519
-198.0,12,1751.588565
-112.0,12,1752.17112
-194.0,12,1753.15541
-100.0,12,1753.812037
-144.0,12,1754.115465
-94.0,12,1754.284845
-144.0,12,1755.078726
-120.0,12,1755.786165
0.0,12,1756.739512
-134.0,12,1757.679311
-180.0,12,1758.569769
-170.0,12,1759.61851
-240.0,12,1760.776833
-44.0,12,1761.945518
-74.0,12,1762.779413
-176.0,12,1763.437753
-196.0,12,1764.722123
-14.0,12,1765.774837
-82.0,12,1766.694426
-154.0,12,1768.0469
-162.0,12,1768.91606
-134.0,12,1769.805113
-166.0,12,1770.763062
-78.0,12,1770.968873
-196.0,12,1771.690004
-150.0,12,1772.431457
-32.0,12,1772.673019
-184.0,12,1773.522632
-186.0,12,1774.929626
-86.0,12,1775.12947
-70.0,12,1775.471741
-170.0,12,1776.397192
-68.0,12,1777.007664
72.0,12,1777.52786
-28.0,12,1778.120775
-160.0,12,1779.037009
-58.0,12,1779.133055
-172.0,12,1779.852221
-104.0,12,1780.537535
-240.0,12,1781.421582
-20.0,12,1782.25739
-60.0,12,1782.379524
-102.0,12,1782.961173
-172.0,12,1783.964404
-190.0,12,1784.253571
-210.0,12,1784.678447
-2.0,12,1785.255075
-170.0,12,1786.280149
-198.0,12,1786.549738
-240.0,12,1787.156232
-24.0,12,1787.486362
-186.0,12,1788.437904
-220.0,12,1789.279672
-140.0,12,1790.550239
-138.0,12,1792.0493
-178.0,12,1792.268523
-44.0,12,1793.16708
-182.0,12,1793.768198
-160.0,12,1794.506591
-54.0,12,1795.366336
-132.0,12,1795.918669
-142.0,12,1796.759035
-140.0,12,1796.770625
-240.0,12,1797.323885
-98.0,12,1798.657807
-174.0,12,1798.848151
-198.0,12,1799.054461
-132.0,12,1799.291842
-36.0,12,1800.149743
-138.0,12,1800.601681
-100.0,12,1801.166773
-240.0,12,1801.181387
-148.0,12,1801.853602
-22.0,12,1802.53364
-152.0,12,1803.729692
-136.0,12,1804.388149
-50.0,12,1804.65689
-174.0,12,1805.460611
-240.0,12,1806.422549
-146.0,12,1807.301862
-154.0,12,1807.937066
-86.0,12,1809.02725
-60.0,12,1809.680416
-70.0,12,1810.96164
-144.0,12,1811.148856
-116.0,12,1812.010321
-158.0,12,1812.886699
-154.0,12,1813.519671
-206.0,12,1813.826587
-170.0,12,1814.475708
-224.0,12,1815.315187
-110.0,12,1816.185008
-172.0,12,1816.336275
-128.0,12,1817.212379
-160.0,12,1818.081225
-224.0,12,1818.844488
-190.0,12,1820.097583
-88.0,12,1821.207181
-20.0,12,1821.594647
118.0,12,1822.563185
-34.0,12,1823.473193
-168.0,12,1823.4847
-38.0,12,1823.816591
-212.0,12,1824.294057
34.0,12,1824.901122
-158.0,12,1825.008165
-212.0,12,1825.461737
-152.0,12,1826.155084
-176.0,12,1827.096562
-164.0,12,1827.111413
-208.0,12,1827.455047
-94.0,12,1828.214468
-132.0,12,1828.907417
-114.0,12,1828.940605
-202.0,12,1829.148785
-164.0,12,1829.898159
-240.0,12,1831.462618
-160.0,12,1832.00906
-136.0,12,1832.784209
-124.0,12,1833.713242
-160.0,12,1834.538575
-172.0,12,1835.442196
-168.0,12,1835.88685
-80.0,12,1836.66466
-58.0,12,1837.68894
-144.0,12,1837.920222
-90.0,12,1837.98324
-166.0,12,1838.784139
-154.0,12,1839.403486
-200.0,12,1840.260822
-194.0,12,1840.732087
-148.0,12,1841.495633
-202.0,12,1842.294953
-86.0,12,1843.437027
-150.0,12,1844.763417
-168.0,12,1845.64238
-128.0,12,1846.43439
-52.0,12,1848.545762
-152.0,12,1849.270752
-198.0,12,1850.324458
-100.0,12,1850.53864
-138.0,12,1851.086233
-52.0,12,1852.143531
-240.0,12,1852.715629
-230.0,12,1853.427463
-220.0,12,1853.546696
-146.0,12,1854.113828
-104.0,12,1854.732
-62.0,12,1855.455045
-144.0,12,1856.108126
-150.0,12,1856.910489
-150.0,12,1857.192043
-190.0,12,1858.304231
-54.0,12,1859.29139
-128.0,12,1859.36021
-138.0,12,1859.618078
-156.0,12,1860.344184
-172.0,12,1861.618818
-54.0,12,1862.109061
-102.0,12,1862.849735
-36.0,12,1863.843521
-240.0,12,1864.51827
44.0,12,1864.532852
-160.0,12,1865.052043
-204.0,12,1866.136788
-82.0,12,1867.168217
-240.0,12,1867.947147
-240.0,12,1868.758834
-138.0,12,1869.88761
-212.0,12,1870.678741
-184.0,12,1871.644994
-80.0,12,1872.44726
-136.0,12,1873.047433
-164.0,12,1874.446454
-202.0,12,1875.345918
-202.0,12,1875.640587
-152.0,12,1875.885481
-22.0,12,1876.155914
-240.0,12,1876.659334
-140.0,12,1876.791105
28.0,12,1877.26824
-198.0,12,1877.866982
-106.0,12,1878.869725
16.0,12,1879.799206
-208.0,12,1880.031181
-68.0,12,1881.19626
-32.0,12,1881.856231
-144.0,12,1882.859425
-198.0,12,1883.48966
-168.0,12,1884.340657
-184.0,12,1885.143506
-86.0,12,1885.953085
-224.0,12,1886.954051
-166.0,12,1887.907279
-190.0,12,1888.431169
-84.0,12,1889.186562
-54.0,12,1889.704202
-86.0,12,1890.603025
-126.0,12,1891.482757
-174.0,12,1892.229873
-70.0,12,1892.288988
-150.0,12,1893.259447
-122.0,12,1893.88719
-224.0,12,1895.113441
-212.0,12,1895.801642
-52.0,12,1896.743601
-88.0,12,1897.412843
-210.0,12,1898.220432
-156.0,12,1898.311221
-134.0,12,1899.114774
-188.0,12,1899.269528
-182.0,12,1900.447387
-154.0,12,1901.184126
-150.0,12,1902.563597
-154.0,12,1903.317772
-74.0,12,1903.52526
-114.0,12,1904.269234
-150.0,12,1905.521638
-176.0,12,1906.498926
-204.0,12,1907.173426
-94.0,12,1907.667643
-82.0,12,1908.7126
-176.0,12,1909.051934
-156.0,12,1909.903447
-102.0,12,1910.112027
-184.0,12,1910.876657
-222.0,12,1911.343924
-46.0,12,1911.549298
-210.0,12,1912.124855
-74.0,12,1912.977128
-98.0,12,1914.222985
-78.0,12,1915.289017
-162.0,12,1915.874016
-96.0,12,1915.971488
-16.0,12,1916.432959
-62.0,12,1917.241573
-240.0,12,1917.388067
-240.0,12,1918.065348
-184.0,12,1918.990924
-104.0,12,1919.668481
-88.0,12,1920.822607
-144.0,12,1921.484035
-58.0,12,1922.162198
-178.0,12,1923.016543
-240.0,12,1924.297788
-44.0,12,1925.294981
-224.0,12,1925.473199
-184.0,12,1926.233869
-240.0,12,1926.754513
-202.0,12,1927.515014
-170.0,12,1928.303402
-56.0,12,1929.305083
-64.0,12,1930.136737
-130.0,12,1930.33831
-186.0,12,1931.164514
-112.0,12,1932.102746
-108.0,12,1932.572984
-160.0,12,1933.664483
-86.0,12,1933.823911
-102.0,12,1934.469796
-202.0,12,1935.163054
-142.0,12,1935.520996
-162.0,12,1936.499398
-130.0,12,1936.79348
-118.0,12,1936.963782
-94.0,12,1938.285284
-190.0,12,1938.464195
-184.0,12,1938.960943
-94.0,12,1939.647017
-128.0,12,1940.449723
-138.0,12,1940.954894
-132.0,12,1941.270516
-168.0,12,1942.191545
-52.0,12,1943.330701
-76.0,12,1944.422353
-204.0,12,1944.879096
-204.0,12,1945.494681
-76.0,12,1946.155845
-154.0,12,1947.007364
-204.0,12,1947.673482
-34.0,12,1948.13434
-100.0,12,1948.857958
-40.0,12,1949.646635
-132.0,12,1949.697335
-106.0,12,1950.965881
-164.0,12,1951.123337
-38.0,12,1951.826421
-184.0,12,1952.501991
-156.0,12,1952.818691
-158.0,12,1954.013229
-4.0,12,1955.152127
-188.0,12,1955.921357
-220.0,12,1956.694255
-112.0,12,1957.623557
-104.0,12,1958.270579
-156.0,12,1958.540993
-208.0,12,1959.321857
-136.0,12,1960.259966
-138.0,12,1961.003026
-168.0,12,1961.985502
-132.0,12,1962.844134
-170.0,12,1963.780102
-240.0,12,1964.486382
-182.0,12,1965.0911
-184.0,12,1965.296759
-212.0,12,1966.590309
-70.0,12,1967.104746
-168.0,12,1967.939006
-112.0,12,1968.848532
-148.0,12,1969.420565
-240.0,12,1970.146336
-68.0,12,1970.832783
-80.0,12,1971.727251
-102.0,12,1972.719824
-240.0,12,1972.954852
-186.0,12,1973.55084
-48.0,12,1974.533393
-240.0,12,1975.145614
-168.0,12,1975.94918
-148.0,12,1977.103687
-36.0,12,1977.935566
-180.0,12,1978.596904
-190.0,12,1979.265869
-138.0,12,1979.589734
-132.0,12,1980.445147
-136.0,12,1982.025551
-136.0,12,1982.922468
-172.0,12,1983.621472
-72.0,12,1983.780773
-140.0,12,1984.522836
-226.0,12,1985.334624
-136.0,12,1985.903291
-216.0,12,1986.503959
-168.0,12,1987.014036
-68.0,12,1987.193456
-208.0,12,1988.099955
-116.0,12,1989.251458
-122.0,12,1989.463952
-226.0,12,1990.186287
-182.0,12,1991.110384
72.0,12,1991.709729
-214.0,12,1992.796074
-240.0,12,1993.325653
-174.0,12,1993.941739
-18.0,12,1994.634633
-124.0,12,1994.725935
-104.0,12,1994.775148
-154.0,12,1995.942025
-120.0,12,1996.493377
-132.0,12,1997.603055
-142.0,12,1997.811357
18.0,12,1998.863477
-240.0,12,1999.246788
-140.0,12,1999.925772
16.0,12,2001.33412
-198.0,12,2001.985513
-122.0,12,2002.8245
-168.0,12,2003.467496
-240.0,12,2003.705589
-148.0,12,2004.129322
-240.0,12,2004.930582
-148.0,12,2005.735657
-162.0,12,2006.425102
78.0,12,2007.231301
-160.0,12,2007.913661
-240.0,12,2008.635805
-74.0,12,2009.230298
8.0,12,2009.494599
-160.0,12,2010.32837
-136.0,12,2010.56835
-70.0,12,2010.707452
-182.0,12,2010.974195
-184.0,12,2011.903966
-112.0,12,2012.896131
-204.0,12,2013.009989
-14.0,12,2013.858574
-158.0,12,2014.762734
-156.0,12,2015.300714
-142.0,12,2016.475287
-240.0,12,2016.892546
-178.0,12,2017.952669
-190.0,12,2017.964728
-174.0,12,2018.085465
-158.0,12,2018.985543
-132.0,12,2019.681926
-118.0,12,2020.448931
-170.0,12,2020.809208
-144.0,12,2021.243508
-80.0,12,2022.030744
-182.0,12,2023.210178
-220.0,12,2024.00746
-166.0,12,2024.02071
-72.0,12,2024.338727
58.0,12,2024.952906
-128.0,12,2025.123049
-112.0,12,2025.94464
-106.0,12,2026.364495
-60.0,12,2027.089598
-184.0,12,2027.9679
-216.0,12,2028.174542
-240.0,12,2028.708805
-108.0,12,2029.709679
12.0,12,2030.809398
-86.0,12,2031.975345
-170.0,12,2032.745745
-182.0,12,2033.474122
-240.0,12,2034.376853
-210.0,12,2034.523502
88.0,12,2035.292861
-114.0,12,2035.604837
34.0,12,2035.677475
-196.0,12,2036.648786
-204.0,12,2037.604903
-44.0,12,2037.825759
-68.0,12,2038.678959
-70.0,12,2039.393301
-130.0,12,2040.277888
-94.0,12,2040.9608
-98.0,12,2041.64548
-202.0,12,2042.562112
-148.0,12,2043.036982
-88.0,12,2044.063417
-10.0,12,2044.730027
-150.0,12,2045.936204
-160.0,12,2046.871495
-220.0,12,2048.525435
-110.0,12,2048.597358
-64.0,12,2049.12067
-122.0,12,2049.520102
-124.0,12,2050.25196
-148.0,12,2051.366653
-212.0,12,2051.514423
-104.0,12,2052.449259
-108.0,12,2053.654565
-86.0,12,2054.439071
-240.0,12,2054.86575
-130.0,12,2055.901007
-132.0,12,2056.124233
-162.0,12,2056.752655
-192.0,12,2058.12643
-204.0,12,2059.253714
-174.0,12,2060.304512
-126.0,12,2061.370556
-162.0,12,2062.243306
-222.0,12,2062.907306
-190.0,12,2063.471336
-190.0,12,2063.847864
-240.0,12,2065.440454
-168.0,12,2066.378871
-190.0,12,2067.277961
-190.0,12,2068.192504
-198.0,12,2068.959919
-174.0,12,2069.915594
-132.0,12,2070.130648
-240.0,12,2070.49869
-72.0,12,2070.805764
-116.0,12,2071.926857
-134.0,12,2072.101259
-40.0,12,2072.910374
-122.0,12,2073.766605
-184.0,12,2074.515643
-128.0,12,2075.148932
-38.0,12,2076.28105
44.0,12,2076.970305
-208.0,12,2077.503479
120.0,12,2078.291473
-56.0,12,2079.27735
-158.0,12,2079.595932
-44.0,12,2080.388595
-176.0,12,2081.604625
-104.0,12,2082.146562
-30.0,12,2082.891335
-240.0,12,2083.064944
-240.0,12,2083.555128
-210.0,12,2083.791223
-132.0,12,2084.246674
-84.0,12,2085.188804
-182.0,12,2085.60522
-166.0,12,2086.269812
-104.0,12,2086.326037
-82.0,12,2086.96557
72.0,12,2087.935742
-156.0,12,2088.299346
-230.0,12,2089.217663
-140.0,12,2089.89371
-22.0,12,2090.423391
-142.0,12,2090.903954
-46.0,12,2091.119848
-122.0,12,2091.575008
-194.0,12,2092.487239
-214.0,12,2093.228843
-104.0,12,2093.488341
-88.0,12,2093.826745
-202.0,12,2094.304604
-136.0,12,2095.066838
-52.0,12,2095.95674
-26.0,12,2097.220414
-136.0,12,2098.387826
-4.0,12,2099.376431
-148.0,12,2100.31305
-44.0,12,2101.016168
26.0,12,2101.482181
-78.0,12,2102.404377
-22.0,12,2103.041018
-74.0,12,2103.535395
-176.0,12,2104.340273
-8.0,12,2104.919607
-76.0,12,2105.511491
-106.0,12,2105.603339
-240.0,12,2105.896266
-138.0,12,2106.51614
-184.0,12,2107.12732
-82.0,12,2107.844898
-110.0,12,2108.339841
-10.0,12,2109.09852
-28.0,12,2109.990954
-92.0,12,2111.022521
-108.0,12,2111.580272
-112.0,12,2112.630115
-240.0,12,2113.672424
-128.0,12,2114.48077
-90.0,12,2115.691742
-152.0,12,2116.480228
-208.0,12,2117.608072
-112.0,12,2118.24748
-148.0,12,2118.693259
-86.0,12,2119.32495
-126.0,12,2120.372757
-148.0,12,2121.120493
-210.0,12,2122.18308
-126.0,12,2123.158715
-152.0,12,2123.622284
-94.0,12,2124.271875
-56.0,12,2124.440019
-170.0,12,2125.230573
-18.0,12,2125.273143
18.0,12,2125.970836
-168.0,12,2126.690763
-240.0,12,2127.374493
-102.0,12,2128.177727
-82.0,12,2129.011066
-140.0,12,2129.806822
-160.0,12,2130.464493
-188.0,12,2131.305448
-130.0,12,2132.131041
-40.0,12,2132.951074
-176.0,12,2133.261165
-240.0,12,2133.59139
-168.0,12,2134.448694
-94.0,12,2135.173174
-92.0,12,2136.170172
-68.0,12,2136.80891
-184.0,12,2137.410567
-240.0,12,2137.575024
-110.0,12,2138.480295
-190.0,12,2139.368487
-116.0,12,2140.253717
-212.0,12,2141.020234
-22.0,12,2141.920375
-130.0,12,2141.932322
44.0,12,2142.542574
-132.0,12,2142.750961
-94.0,12,2142.917428
-78.0,12,2143.070988
-128.0,12,2144.477253
-20.0,12,2145.38392
-172.0,12,2146.097632
-240.0,12,2147.056973
-110.0,12,2147.960481
-172.0,12,2148.758222
-240.0,12,2149.476141
-126.0,12,2150.566233
-182.0,12,2151.336521
-134.0,12,2152.344557
-70.0,12,2152.90829
-104.0,12,2154.017895
-170.0,12,2154.712959
-168.0,12,2155.387769
-222.0,12,2156.043743
-156.0,12,2157.336472
-174.0,12,2157.568527
-14.0,12,2158.36844
-102.0,12,2158.979904
-90.0,12,2160.075628
-186.0,12,2160.922593
-202.0,12,2160.989885
-174.0,12,2161.841175
-204.0,12,2162.712064
38.0,12,2163.341514
-78.0,12,2164.391187
-4.0,12,2165.544527
-204.0,12,2166.153869
-32.0,12,2166.962859
-118.0,12,2167.626067
-48.0,12,2168.448928
28.0,12,2169.479821
-190.0,12,2170.052843
-156.0,12,2170.83572
-108.0,12,2171.533751
-162.0,12,2172.452687
-218.0,12,2172.627927
30.0,12,2172.827994
-122.0,12,2173.380605
-86.0,12,2173.934153
-162.0,12,2174.893606
-114.0,12,2175.560853
-154.0,12,2175.853486
-186.0,12,2176.758136
-240.0,12,2176.977981
-240.0,12,2177.397638
-74.0,12,2178.546903
-168.0,12,2178.691802
-114.0,12,2179.407329
-112.0,12,2180.151169
-184.0,12,2180.370811
-108.0,12,2180.884744
-240.0,12,2181.25756
-166.0,12,2181.36764
-36.0,12,2181.57737
-156.0,12,2181.814263
-122.0,12,2182.038984
-180.0,12,2182.687907
-182.0,12,2183.333025
-158.0,12,2184.084382
-172.0,12,2184.856492
-240.0,12,2185.100583
-180.0,12,2185.404522
-206.0,12,2186.632276
-204.0,12,2187.849096
-138.0,12,2188.652025
-138.0,12,2188.749074
-222.0,12,2189.199389
-60.0,12,2190.234512
-204.0,12,2191.401115
-172.0,12,2192.261876
-134.0,12,2193.081722
-38.0,12,2193.901513
-240.0,12,2194.791826
-90.0,12,2195.473318
-210.0,12,2196.170261
-84.0,12,2196.323414
-184.0,12,2197.436837
-170.0,12,2198.121445
-44.0,12,2198.736168
-240.0,12,2199.795349
-202.0,12,2200.661625
-104.0,12,2201.00352
-50.0,12,2202.088368
-108.0,12,2202.802734
-136.0,12,2203.046565
-142.0,12,2203.319038
-80.0,12,2203.905052
-110.0,12,2205.158803
-132.0,12,2206.037766
-126.0,12,2206.896632
-114.0,12,2207.656386
-154.0,12,2207.897438
-212.0,12,2208.343081
-62.0,12,2208.532068
-190.0,12,2209.463732
-178.0,12,2210.165958
-128.0,12,2210.449349
-116.0,12,2210.740077
-22.0,12,2211.558547
-72.0,12,2211.572302
-142.0,12,2211.787838
-222.0,12,2212.283157
-122.0,12,2212.375611
-202.0,12,2212.91555
-240.0,12,2213.131386
-194.0,12,2214.106084
-86.0,12,2214.160641
-140.0,12,2214.871515
-168.0,12,2216.138401
-182.0,12,2216.438422
-116.0,12,2217.032113
-36.0,12,2217.604849
-156.0,12,2217.936636
-240.0,12,2218.596783
-114.0,12,2219.438538
-108.0,12,2220.322294
-240.0,12,2220.982275
-70.0,12,2221.898297
-192.0,12,2222.70304
-110.0,12,2223.688369
-2.0,12,2223.934273
112.0,12,2224.686613
-64.0,12,2225.431937
-186.0,12,2226.212797
-102.0,12,2227.019671
-240.0,12,2227.83601
-188.0,12,2228.6501
-202.0,12,2229.24396
54.0,12,2229.911033
-54.0,12,2230.264612
-188.0,12,2230.477607
-164.0,12,2231.194983
-100.0,12,2231.838945
-162.0,12,2233.378173
-122.0,12,2233.533162
-82.0,12,2233.740096
-128.0,12,2233.922487
-122.0,12,2235.54786
10.0,12,2236.668365
-154.0,12,2237.867528
-198.0,12,2238.679346
-190.0,12,2239.566448
-124.0,12,2241.063008
-166.0,12,2241.818734
-178.0,12,2242.791791
-156.0,12,2243.442186
-210.0,12,2244.617642
-150.0,12,2244.922854
-122.0,12,2245.52759
-160.0,12,2245.776962
-240.0,12,2245.863241
-130.0,12,2246.512992
-240.0,12,2246.940536
-138.0,12,2247.835504
-228.0,12,2248.375658
-126.0,12,2249.192537
-186.0,12,2250.03446
-124.0,12,2250.87818
-240.0,12,2252.039204
-118.0,12,2252.743527
-120.0,12,2253.499586
10.0,12,2254.128654
-176.0,12,2255.08666
-134.0,12,2256.222218
-102.0,12,2256.41724
-118.0,12,2256.902304
-112.0,12,2257.576708
-240.0,12,2258.135944
-132.0,12,2258.560425
-96.0,12,2259.201514
-162.0,12,2260.074474
-140.0,12,2260.857355
-116.0,12,2261.115113
-54.0,12,2261.840487
-168.0,12,2262.885701
-32.0,12,2263.806837
-68.0,12,2264.607107
-240.0,12,2265.798752
-214.0,12,2266.552796
-190.0,12,2267.448922
-224.0,12,2268.239448
-200.0,12,2269.008504
-174.0,12,2269.21413
-142.0,12,2269.514862
-172.0,12,2270.585745
-190.0,12,2271.429297
-210.0,12,2271.911622
-144.0,12,2272.710057
-190.0,12,2273.374759
8.0,12,2274.011202
-184.0,12,2274.872472
-24.0,12,2276.12301
-36.0,12,2276.685823
-136.0,12,2277.698116
-138.0,12,2278.407699
-160.0,12,2278.508179
-204.0,12,2279.263238
-126.0,12,2279.776351
-86.0,12,2279.993021
-104.0,12,2280.675396
-156.0,12,2281.451957
4.0,12,2281.988597
-186.0,12,2282.66529
-192.0,12,2283.720001
-26.0,12,2283.81155
88.0,12,2284.715055
-166.0,12,2284.99109
-240.0,12,2286.009175
-152.0,12,2286.79501
-80.0,12,2288.255321
-144.0,12,2289.160398
-30.0,12,2289.99033
-164.0,12,2290.102312
-104.0,12,2290.185538
-226.0,12,2290.797499
-240.0,12,2291.869859
-240.0,12,2292.293773
-240.0,12,2292.543445
-84.0,12,2293.806152
-156.0,12,2294.099513
-12.0,12,2294.935385
-210.0,12,2296.05629
-210.0,12,2297.026113
-142.0,12,2297.920197
8.0,12,2298.626129
-80.0,12,2299.380061
-94.0,12,2299.498995
-240.0,12,2299.512268
-210.0,12,2299.619601
-52.0,12,2300.301109
-212.0,12,2300.902507
-94.0,12,2301.650339
-114.0,12,2302.261221
-192.0,12,2302.567144
-170.0,12,2302.869359
-240.0,12,2303.542485
28.0,12,2304.59393
-160.0,12,2304.936007
-112.0,12,2305.90534
-78.0,12,2306.757358
-38.0,12,2307.918991
-128.0,12,2308.506981
-100.0,12,2309.50715
-14.0,12,2310.069577
-150.0,12,2310.929817
-62.0,12,2311.296481
8.0,12,2311.397048
-232.0,12,2312.193011
-218.0,12,2313.078793
-192.0,12,2314.345181
-84.0,12,2316.016047
-156.0,12,2316.242461
-240.0,12,2317.108518
-176.0,12,2318.017552
-240.0,12,2318.751253
-148.0,12,2319.226061
-88.0,12,2320.38485
-190.0,12,2321.34394
-20.0,12,2321.581459
-108.0,12,2322.222381
-130.0,12,2323.24849
-186.0,12,2324.22099
-186.0,12,2324.954015
-118.0,12,2326.277183
58.0,12,2327.1773
-38.0,12,2327.745808
-212.0,12,2328.543452
-156.0,12,2329.749702
-14.0,12,2329.941658
-240.0,12,2330.7435
-76.0,12,2331.41361
-138.0,12,2332.151692
66.0,12,2332.528584
-126.0,12,2332.970482
-12.0,12,2333.053843
-202.0,12,2333.32338
-198.0,12,2333.440061
-118.0,12,2334.118508
-220.0,12,2334.629434
-146.0,12,2335.383501
-240.0,12,2335.458165
-142.0,12,2335.91121
-126.0,12,2335.992978
-164.0,12,2336.805075
-192.0,12,2337.545999
-50.0,12,2338.685786
-92.0,12,2338.881831
-202.0,12,2339.831344
-148.0,12,2340.572451
-12.0,12,2340.887588
-198.0,12,2341.14214
-222.0,12,2341.367305
-124.0,12,2342.21965
-26.0,12,2343.1468
-62.0,12,2343.218507
-154.0,12,2343.493354
-240.0,12,2344.498778
-84.0,12,2345.63168
-24.0,12,2345.706638
-214.0,12,2346.457978
-160.0,12,2347.154765
-148.0,12,2348.040733
-106.0,12,2348.504658
-30.0,12,2349.754526
-50.0,12,2349.842948
66.0,12,2350.251517
-98.0,12,2350.384278
-210.0,12,2350.467049
-62.0,12,2351.371282
-174.0,12,2352.368287
-146.0,12,2353.302382
-138.0,12,2353.465577
-42.0,12,2354.275144
-196.0,12,2355.050447
-174.0,12,2355.75493
-30.0,12,2356.309782
-202.0,12,2356.854888
-198.0,12,2357.054842
-150.0,12,2357.58511
-138.0,12,2357.832185
-208.0,12,2358.053797
-224.0,12,2358.962832
-114.0,12,2359.244786
-126.0,12,2360.083135
-124.0,12,2360.98299
-114.0,12,2361.517575
-240.0,12,2361.830076
-188.0,12,2362.769394
-144.0,12,2363.317247
-184.0,12,2364.143581
-96.0,12,2364.903887
-192.0,12,2365.658771
-76.0,12,2366.120107
-212.0,12,2366.192015
-174.0,12,2366.880101
-84.0,12,2367.485439
-240.0,12,2368.117387
-40.0,12,2368.846346
-128.0,12,2368.940181
-120.0,12,2369.505075
-146.0,12,2370.137739
-46.0,12,2370.773026
-208.0,12,2371.39135
-6.0,12,2372.359679
-94.0,12,2373.121246
-72.0,12,2374.014915
-98.0,12,2374.582396
-64.0,12,2375.368166
-130.0,12,2376.17077
-34.0,12,2376.731358
-186.0,12,2377.681239
-158.0,12,2378.486941
-204.0,12,2379.407935
-210.0,12,2380.344166
-240.0,12,2380.435849
-42.0,12,2380.705503
-148.0,12,2381.70299
-112.0,12,2382.623146
-212.0,12,2383.735743
-172.0,12,2384.830292
-120.0,12,2385.913007
-204.0,12,2386.448555
-124.0,12,2387.458615
-202.0,12,2388.1438
-200.0,12,2389.083291
-158.0,12,2389.964831
-168.0,12,2390.839941
-118.0,12,2391.718923
-184.0,12,2392.506546
-152.0,12,2393.352951
36.0,12,2394.261186
-104.0,12,2394.458884
-158.0,12,2395.366227
-120.0,12,2396.184305
-34.0,12,2397.145978
-154.0,12,2397.328504
-222.0,12,2397.361666
-138.0,12,2398.572073
-240.0,12,2398.648494
-204.0,12,2399.325158
-212.0,12,2399.943665
-166.0,12,2400.691669
-228.0,12,2401.977186
-204.0,12,2402.683299
-186.0,12,2403.536586
-212.0,12,2404.763743
-160.0,12,2405.289749
-192.0,12,2406.457637
-100.0,12,2407.526191
-188.0,12,2408.071272
-180.0,12,2409.107787
-64.0,12,2409.671562
-132.0,12,2410.504488
-168.0,12,2410.905102
-220.0,12,2411.67716
-12.0,12,2412.034847
-218.0,12,2412.27606
-214.0,12,2413.242327
-156.0,12,2414.080001
-166.0,12,2415.446934
-126.0,12,2416.369511
50.0,12,2417.15131
-88.0,12,2417.896824
18.0,12,2418.53951
-144.0,12,2419.416692
-106.0,12,2420.248435
-152.0,12,2421.087136
-144.0,12,2421.76688
-182.0,12,2422.600579
-140.0,12,2423.275038
-202.0,12,2424.303174
-8.0,12,2425.241994
-216.0,12,2425.855799
-162.0,12,2426.699226
88.0,12,2427.653786
-52.0,12,2427.952322
-156.0,12,2428.124451
-76.0,12,2428.861742
-4.0,12,2429.559904
-76.0,12,2429.868698
-168.0,12,2430.896365
-158.0,12,2431.867813
-156.0,12,2431.881778
-190.0,12,2432.887848
-198.0,12,2433.523699
-18.0,12,2434.443567
-78.0,12,2435.175575
-184.0,12,2436.263997
-188.0,12,2436.862273
-192.0,12,2437.667533
-148.0,12,2437.93679
-154.0,12,2438.705431
-224.0,12,2439.361182
-204.0,12,2439.538456
-110.0,12,2439.715202
80.0,12,2440.354789
-202.0,12,2441.101416
-240.0,12,2442.010686
-182.0,12,2442.882115
-240.0,12,2443.44118
-120.0,12,2443.887006
-204.0,12,2444.514591
-8.0,12,2446.077451
-54.0,12,2446.80425
-240.0,12,2447.207427
-88.0,12,2448.286122
-44.0,12,2449.171171
-202.0,12,2449.746613
-110.0,12,2449.956025
-78.0,12,2450.102718
-220.0,12,2450.698222
0.0,12,2451.628489
-158.0,12,2452.44291
-144.0,12,2453.382601
-180.0,12,2454.064775
-78.0,12,2455.021814
-108.0,12,2456.12478
-164.0,12,2457.061018
16.0,12,2458.125897
-136.0,12,2459.030143
-138.0,12,2459.778311
-46.0,12,2460.832902
-240.0,12,2461.364174
-156.0,12,2462.337888
-222.0,12,2463.010413
-138.0,12,2463.274991
-44.0,12,2464.777215
-190.0,12,2465.452763
-172.0,12,2465.695522
-156.0,12,2466.803816
-132.0,12,2467.016989
-184.0,12,2467.32413
-170.0,12,2469.043356
-164.0,12,2469.885148
-68.0,12,2471.077934
-108.0,12,2472.175067
-138.0,12,2472.896051
-100.0,12,2473.088847
-162.0,12,2473.891255
-206.0,12,2474.861998
-214.0,12,2475.726645
-176.0,12,2476.316283
-240.0,12,2477.186973
-112.0,12,2477.426527
-96.0,12,2478.066244
-134.0,12,2479.025635
-90.0,12,2479.246027
-176.0,12,2479.515358
-240.0,12,2480.145041
-148.0,12,2481.104115
-240.0,12,2481.764439
-36.0,12,2482.508894
-240.0,12,2482.744165
-202.0,12,2483.85001
-142.0,12,2484.520846
-2.0,12,2485.52756
-212.0,12,2486.001926
-240.0,12,2486.664525
4.0,12,2486.811652
-202.0,12,2487.769594
-82.0,12,2488.482866
-180.0,12,2489.16723
-118.0,12,2490.182696
-54.0,12,2491.037878
-102.0,12,2491.959794
-158.0,12,2492.858577
-176.0,12,2493.125014
-212.0,12,2494.197486
-198.0,12,2494.767587
-220.0,12,2494.980979
-50.0,12,2496.087224
-154.0,12,2497.431525
-188.0,12,2498.10928
-200.0,12,2498.748272
-202.0,12,2499.825715
-172.0,12,2501.216547
-90.0,12,2501.928807
-112.0,12,2502.634905
-128.0,12,2503.492707
-94.0,12,2504.601073
0.0,12,2505.1579
-94.0,12,2505.986849
-240.0,12,2506.797989
-124.0,12,2507.785262
-106.0,12,2508.383721
-158.0,12,2509.424449
-168.0,12,2509.974942
-88.0,12,2510.029328
-240.0,12,2510.560776
-108.0,12,2510.573926
-212.0,12,2510.848537
-106.0,12,2511.513026
-240.0,12,2511.97156
-240.0,12,2512.857762
66.0,12,2513.077655
-198.0,12,2514.036479
-240.0,12,2514.929209
-210.0,12,2515.691321
-186.0,12,2516.366705
-116.0,12,2517.210048
-40.0,12,2517.981058
-68.0,12,2518.758413
-240.0,12,2519.162485
42.0,12,2519.434189
-190.0,12,2519.98752
-28.0,12,2520.457783
-16.0,12,2521.149214
-88.0,12,2521.886989
-162.0,12,2522.095431
-20.0,12,2522.864126
-224.0,12,2523.546955
-102.0,12,2524.174246
-148.0,12,2524.773299
-216.0,12,2525.322786
-120.0,12,2526.438071
-18.0,12,2526.517855
-172.0,12,2527.325409
-156.0,12,2527.864319
-206.0,12,2528.825879
-160.0,12,2529.538815
-188.0,12,2529.579729
-32.0,12,2530.480895
-162.0,12,2531.308397
-192.0,12,2532.235707
-142.0,12,2532.952004
30.0,12,2533.621236
-180.0,12,2534.740093
-152.0,12,2534.96682
-72.0,12,2535.582586
-124.0,12,2536.677826
-142.0,12,2536.883639
-224.0,12,2537.653597
-240.0,12,2538.825475
2.0,12,2539.535615
-96.0,12,2540.319561
2.0,12,2540.913012
-82.0,12,2541.543605
-78.0,12,2542.214494
-184.0,12,2542.969328
-112.0,12,2543.659888
-188.0,12,2544.483067
-190.0,12,2544.755278
-110.0,12,2545.7586
-240.0,12,2545.970448
-168.0,12,2547.004752
-84.0,12,2548.13529
-150.0,12,2548.598592
-130.0,12,2549.66939
-64.0,12,2550.392251
-204.0,12,2550.86648
-204.0,12,2551.703579
-40.0,12,2552.639965
-200.0,12,2553.833795
-192.0,12,2555.106183
-116.0,12,2555.997513
-188.0,12,2556.655824
-130.0,12,2557.221968
152.0,12,2557.790837
-208.0,12,2558.491657
-34.0,12,2559.179792
-134.0,12,2560.097199
-124.0,12,2560.875499
-140.0,12,2561.656542
-86.0,12,2562.93521
-240.0,12,2563.714527
-164.0,12,2564.419282
-208.0,12,2564.814679
-186.0,12,2565.358794
-76.0,12,2565.412344
-240.0,12,2566.101683
-160.0,12,2567.045657
-212.0,12,2567.706362
-82.0,12,2568.668407
-204.0,12,2568.974325
-240.0,12,2569.868169
-154.0,12,2570.471257
-158.0,12,2571.420025
-186.0,12,2572.098435
-100.0,12,2573.339367
-216.0,12,2573.85477
-212.0,12,2574.401012
-240.0,12,2575.09211
-100.0,12,2575.983752
-174.0,12,2576.744734
-168.0,12,2577.488508
-170.0,12,2578.040743
-240.0,12,2578.485467
-240.0,12,2579.387924
-216.0,12,2580.317968
-210.0,12,2581.159828
-142.0,12,2581.776295
-150.0,12,2581.919841
-42.0,12,2582.810601
-6.0,12,2583.493683
-122.0,12,2584.247375
-160.0,12,2584.938827
-10.0,12,2585.089352
-190.0,12,2585.327483
-18.0,12,2586.201511
-104.0,12,2586.325342
-126.0,12,2586.980017
-174.0,12,2587.474434
-240.0,12,2587.773745
-208.0,12,2588.669578
-82.0,12,2589.851619
-138.0,12,2589.975161
-200.0,12,2590.826955
-146.0,12,2591.213969
-240.0,12,2591.600057
-226.0,12,2592.16921
-84.0,12,2593.096946
-42.0,12,2593.330665
-134.0,12,2594.419721
-36.0,12,2594.663882
-138.0,12,2595.479251
-136.0,12,2596.284415
-96.0,12,2597.24843
-50.0,12,2598.049205
-76.0,12,2599.16241
-220.0,12,2599.462571
-60.0,12,2600.448645
-84.0,12,2601.129179
-174.0,12,2601.847597
-20.0,12,2603.003589
-106.0,12,2603.161693
-142.0,12,2603.87211
-60.0,12,2604.224369
-156.0,12,2605.092116
-68.0,12,2605.282603
-132.0,12,2605.55821
-200.0,12,2605.718871
-220.0,12,2606.641899
-44.0,12,2606.822688
-120.0,12,2608.222392
-84.0,12,2609.138497
-168.0,12,2609.824324
-116.0,12,2610.866349
-52.0,12,2611.825314
-136.0,12,2612.683349
-6.0,12,2613.72245
2.0,12,2613.891046
-136.0,12,2614.808513
-240.0,12,2615.608625
-198.0,12,2615.793654
-202.0,12,2616.642744
-218.0,12,2617.041818
-138.0,12,2617.843199
-204.0,12,2618.453696
-154.0,12,2619.022202
-198.0,12,2619.862869
-122.0,12,2620.680577
-220.0,12,2621.454781
-26.0,12,2621.616604
-240.0,12,2622.560474
-204.0,12,2623.282065
-146.0,12,2624.162701
-240.0,12,2625.436539
-140.0,12,2626.355306
-72.0,12,2627.004477
-68.0,12,2627.752766
-240.0,12,2628.559754
-192.0,12,2629.171595
-120.0,12,2629.88284
-218.0,12,2630.159442
42.0,12,2630.730145
-74.0,12,2631.581459
-88.0,12,2632.545351
-124.0,12,2632.996297
-130.0,12,2633.741572
-10.0,12,2634.404323
-164.0,12,2635.280424
-98.0,12,2635.901141
-188.0,12,2637.022946
-48.0,12,2637.232002
-140.0,12,2637.242079
-204.0,12,2638.013641
-184.0,12,2638.195437
2.0,12,2638.764863
-2.0,12,2638.912356
-96.0,12,2639.645402
-106.0,12,2640.534639
-40.0,12,2640.833152
-80.0,12,2641.521088
-38.0,12,2642.065135
-134.0,12,2643.054547
-126.0,12,2643.300689
-70.0,12,2643.478261
-210.0,12,2644.072349
-190.0,12,2644.66673
-216.0,12,2645.05511
-100.0,12,2645.1437
-210.0,12,2645.84784
-240.0,12,2646.515712
-164.0,12,2647.469069
-198.0,12,2647.946898
-146.0,12,2649.005478
-184.0,12,2649.581863
-240.0,12,2649.772712
-132.0,12,2650.458979
-126.0,12,2650.718105
-120.0,12,2651.089591
-150.0,12,2651.92569
-202.0,12,2652.005465
-170.0,12,2652.911893
-22.0,12,2653.546314
-68.0,12,2654.188001
-208.0,12,2654.833765
-140.0,12,2655.882977
-46.0,12,2656.808031
-104.0,12,2657.487331
-240.0,12,2658.531497
32.0,12,2658.63806
-154.0,12,2658.810264
-148.0,12,2659.766965
60.0,12,2660.065262
-164.0,12,2660.934865
-72.0,12,2661.657949
-128.0,12,2662.472179
-148.0,12,2663.311178
-240.0,12,2663.809421
-240.0,12,2664.729724
-240.0,12,2664.814436
-156.0,12,2665.628504
-150.0,12,2666.136498
-188.0,12,2667.20527
-68.0,12,2667.36537
-174.0,12,2667.577205
-194.0,12,2667.939374
-240.0,12,2668.576142
-54.0,12,2669.303417
-134.0,12,2669.527684
-172.0,12,2669.880589
-64.0,12,2670.647876
-172.0,12,2671.595981
-240.0,12,2672.234405
-118.0,12,2673.049317
-142.0,12,2674.169642
-204.0,12,2674.281469
-132.0,12,2675.382669
-146.0,12,2676.427788
-120.0,12,2677.006406
-162.0,12,2678.735048
-96.0,12,2678.911521
-148.0,12,2679.169193
-122.0,12,2679.734675
-106.0,12,2680.027395
-30.0,12,2680.2643
-216.0,12,2681.77258
-158.0,12,2682.502312
-94.0,12,2683.0943
-196.0,12,2683.87104
-94.0,12,2684.86746
54.0,12,2685.047742
-162.0,12,2685.981584
-172.0,12,2686.627282
-142.0,12,2687.248906
-6.0,12,2687.847208
34.0,12,2689.085222
-62.0,12,2690.037989
-74.0,12,2690.798799
62.0,12,2691.365213
-192.0,12,2692.057884
-172.0,12,2692.740029
-206.0,12,2693.494262
-210.0,12,2693.979838
-206.0,12,2694.819439
-134.0,12,2695.915035
-240.0,12,2696.223921
-190.0,12,2696.28312
-240.0,12,2696.460368
-220.0,12,2697.134442
-44.0,12,2698.079686
-192.0,12,2699.061172
-240.0,12,2699.644715
-8.0,12,2700.326562
-150.0,12,2701.409529
-142.0,12,2702.121025
-200.0,12,2703.040351
-130.0,12,2703.696054
-88.0,12,2704.796522
-140.0,12,2705.708175
-60.0,12,2706.355774
-30.0,12,2706.438426
48.0,12,2707.033464
-80.0,12,2708.087441
-112.0,12,2709.082678
-104.0,12,2709.622157
-90.0,12,2710.684102
-152.0,12,2711.794086
-144.0,12,2712.936553
-48.0,12,2713.354467
-138.0,12,2714.47074
-128.0,12,2715.351778
-108.0,12,2716.626699
0.0,12,2717.781342
34.0,12,2718.026649
-240.0,12,2718.469768
-156.0,12,2719.127014
-118.0,12,2720.278265
-82.0,12,2720.372262
-164.0,12,2721.085293
-210.0,12,2722.02243
-166.0,12,2722.730839
-76.0,12,2723.315583
-206.0,12,2724.13925
-200.0,12,2724.797488
-176.0,12,2725.674371
-240.0,12,2726.468789
-184.0,12,2726.659534
-88.0,12,2727.399986
-158.0,12,2728.496202
-56.0,12,2728.936992
-158.0,12,2729.680281
0.0,12,2730.708828
-196.0,12,2731.028341
-218.0,12,2732.503637
-114.0,12,2733.380854
-188.0,12,2734.399636
-36.0,12,2735.097601
-140.0,12,2735.820402
-172.0,12,2735.853288
-168.0,12,2736.40396
-134.0,12,2736.984598
-176.0,12,2736.993917
24.0,12,2737.84959
-200.0,12,2738.437678
-120.0,12,2738.637589
-18.0,12,2739.215539
-60.0,12,2739.502177
-120.0,12,2740.216811
-106.0,12,2740.605692
-180.0,12,2741.096606
-52.0,12,2741.688448
-78.0,12,2742.398968
-138.0,12,2743.343672
-168.0,12,2743.507659
-88.0,12,2744.227526
-32.0,12,2744.924217
-68.0,12,2745.173306
-54.0,12,2746.03686
-68.0,12,2747.424281
-176.0,12,2748.16044
-228.0,12,2748.849319
-122.0,12,2749.976707
-74.0,12,2750.786024
-240.0,12,2751.56283
-60.0,12,2752.507544
-240.0,12,2753.012639
-194.0,12,2753.84392
-170.0,12,2754.229153
-34.0,12,2754.473031
-240.0,12,2754.735266
6.0,12,2755.578651
110.0,12,2756.288462
-196.0,12,2756.958403
-180.0,12,2757.577897
-118.0,12,2758.70426
-172.0,12,2759.09373
-180.0,12,2759.941973
-160.0,12,2760.938232
-58.0,12,2761.848764
-196.0,12,2762.744081
-132.0,12,2762.762172
-172.0,12,2763.043748
-166.0,12,2763.865392
2.0,12,2764.165262
-168.0,12,2765.015566
28.0,12,2765.622679
-202.0,12,2766.932539
-8.0,12,2767.593582
-132.0,12,2768.102386
-92.0,12,2768.301871
-74.0,12,2768.946728
-218.0,12,2770.354278
-240.0,12,2771.065145
-52.0,12,2771.582136
-122.0,12,2772.5487
-184.0,12,2774.019761
-170.0,12,2774.838123
-138.0,12,2775.555936
-218.0,12,2777.368818
-168.0,12,2778.182854
-34.0,12,2779.133715
-88.0,12,2779.913529
-144.0,12,2780.586974
42.0,12,2781.196848
-70.0,12,2781.766388
-118.0,12,2781.831798
-114.0,12,2782.180002
-186.0,12,2782.252891
-160.0,12,2782.866213
-100.0,12,2783.730414
-240.0,12,2784.383731
-202.0,12,2785.077592
-152.0,12,2785.850015
-240.0,12,2786.309273
-188.0,12,2787.29579
0.0,12,2788.152261
-140.0,12,2788.641414
-198.0,12,2789.4993
-150.0,12,2789.836254
-240.0,12,2790.919098
-70.0,12,2791.777796
-132.0,12,2792.064179
-96.0,12,2793.255743
-22.0,12,2794.164865
-140.0,12,2795.119693
-148.0,12,2795.839628
-124.0,12,2796.682988
-212.0,12,2797.482684
-182.0,12,2798.763618
-212.0,12,2799.647983
-204.0,12,2799.864339
-178.0,12,2800.918203
-68.0,12,2801.514327
-192.0,12,2802.225686
-188.0,12,2802.81158
-204.0,12,2803.808009
-202.0,12,2805.015095
-18.0,12,2805.900866
-220.0,12,2806.636852
-40.0,12,2807.287497
-70.0,12,2808.220238
-154.0,12,2809.149904
-120.0,12,2809.818025
-194.0,12,2810.133141
-72.0,12,2811.108552
-150.0,12,2811.927144
-32.0,12,2812.749832
-220.0,12,2813.748886
-136.0,12,2814.431421
-240.0,12,2815.332709
-138.0,12,2816.12676
-26.0,12,2816.989445
-150.0,12,2817.215046
-144.0,12,2817.417792
-182.0,12,2817.991208
-158.0,12,2818.741422
-114.0,12,2819.87966
-156.0,12,2820.479678
-98.0,12,2821.633847
-62.0,12,2822.314986
-100.0,12,2823.355187
-176.0,12,2823.953324
-96.0,12,2824.812478
-196.0,12,2825.778626
-188.0,12,2826.552481
-148.0,12,2827.297371
-108.0,12,2828.438043
-140.0,12,2828.512808
-172.0,12,2829.691943
-128.0,12,2830.27479
-240.0,12,2830.328473
-204.0,12,2831.123436
-148.0,12,2831.646956
-94.0,12,2832.293597
-172.0,12,2832.844665
-82.0,12,2833.21478
-222.0,12,2833.485686
-160.0,12,2833.692744
-188.0,12,2834.505776
-116.0,12,2834.657188
-88.0,12,2834.670278
-138.0,12,2834.770093
-74.0,12,2835.524526
-240.0,12,2836.392949
-160.0,12,2837.157796
-88.0,12,2837.168697
-192.0,12,2838.052991
-112.0,12,2839.135576
-170.0,12,2839.761223
-122.0,12,2840.552029
-102.0,12,2841.418555
-174.0,12,2842.435448
-204.0,12,2842.719726
-220.0,12,2843.229032
-138.0,12,2843.551144
-30.0,12,2844.237034
-102.0,12,2844.834383
-46.0,12,2846.063962
-136.0,12,2846.802101
-28.0,12,2847.60152
-46.0,12,2848.622337
-194.0,12,2849.044229
-134.0,12,2849.697742
-78.0,12,2850.47534
-130.0,12,2850.743176
-148.0,12,2850.957956
-134.0,12,2852.058944
44.0,12,2852.805294
-68.0,12,2853.626622
-168.0,12,2854.593142
-86.0,12,2855.583465
-90.0,12,2856.513667
-36.0,12,2857.79694
-12.0,12,2858.655782
-124.0,12,2859.402062
-20.0,12,2860.838917
-32.0,12,2861.778447
-156.0,12,2861.837726
-176.0,12,2862.55196
-140.0,12,2863.194709
-218.0,12,2864.127812
-204.0,12,2864.557515
-52.0,12,2865.160675
-168.0,12,2866.05364
-158.0,12,2866.612401
-86.0,12,2866.866663
-16.0,12,2867.930351
66.0,12,2868.384132
-90.0,12,2869.354759
-100.0,12,2869.882077
-92.0,12,2870.148652
-240.0,12,2871.049719
22.0,12,2871.375994
-196.0,12,2871.592411
-122.0,12,2871.909678
-204.0,12,2872.965961
-168.0,12,2873.83555
-86.0,12,2874.676272
-148.0,12,2875.850273
-182.0,12,2876.747842
-178.0,12,2877.929889
-226.0,12,2878.78873
-226.0,12,2879.597802
-162.0,12,2880.126367
-162.0,12,2880.441759
-174.0,12,2881.350463
-240.0,12,2882.091748
-88.0,12,2882.878214
-40.0,12,2883.461624
-240.0,12,2884.408676
-202.0,12,2885.482771
-188.0,12,2886.165121
-240.0,12,2886.386202
-114.0,12,2887.032451
-174.0,12,2887.916632
-68.0,12,2888.216874
-128.0,12,2888.947759
-168.0,12,2889.584576
-90.0,12,2889.670784
-10.0,12,2890.574256
-132.0,12,2891.420971
-158.0,12,2891.775281
10.0,12,2892.705947
-142.0,12,2893.424506
-220.0,12,2894.555326
-180.0,12,2895.373475
-184.0,12,2895.719751
-90.0,12,2896.381155
-42.0,12,2897.197599
-24.0,12,2897.979314
-22.0,12,2898.583506
-202.0,12,2899.439514
-156.0,12,2900.213917
-160.0,12,2900.903414
-66.0,12,2901.195696
-156.0,12,2901.272382
-200.0,12,2902.026891
-124.0,12,2902.294372
-194.0,12,2903.328188
-190.0,12,2903.709873
-240.0,12,2904.041882
-138.0,12,2904.726851
-240.0,12,2905.675275
-190.0,12,2906.186344
-138.0,12,2906.915537
-176.0,12,2907.668064
-126.0,12,2907.957493
-240.0,12,2908.671844
-190.0,12,2909.561682
-118.0,12,2910.57269
-202.0,12,2910.633976
-120.0,12,2911.246576
-164.0,12,2912.013418
-146.0,12,2912.876705
-240.0,12,2912.893741
-166.0,12,2913.853785
-136.0,12,2914.676393
-204.0,12,2915.286284
-60.0,12,2915.847483
-154.0,12,2916.040478
-240.0,12,2916.918465
-194.0,12,2918.187227
-170.0,12,2919.000985
-114.0,12,2920.117247
-208.0,12,2921.699159
-138.0,12,2922.044704
-60.0,12,2922.846303
-96.0,12,2922.931965
-68.0,12,2923.479592
-104.0,12,2923.946593
-202.0,12,2924.608802
-92.0,12,2924.792389
-50.0,12,2925.479913
-44.0,12,2926.297428
-186.0,12,2927.191755
-102.0,12,2927.736375
-204.0,12,2928.289854
-186.0,12,2928.992327
-78.0,12,2929.898912
-74.0,12,2931.019896
-116.0,12,2931.634891
-224.0,12,2932.148585
-116.0,12,2933.119973
-174.0,12,2933.922964
-98.0,12,2934.871572
-218.0,12,2935.396257
-118.0,12,2936.390547
-240.0,12,2936.476382
-240.0,12,2937.252893
-174.0,12,2938.344507
-170.0,12,2939.126895
-46.0,12,2939.710351
-64.0,12,2940.653939
-62.0,12,2940.933794
